Workbook

Sheet NOTES_AND_TO_DO_LIST
B3: Notes and future implementation
B4: C'è una formattazione condizionale che se scrivo "Y" su una carta che ho mette in grassetto tutta la riga e cosi sulla base di questo template sono stati copiati tutti i singoli sheet per ogni set
B5: Messo un ritorno all'indice principale su ogni foglio e copiato come template. La forma della freccia è un collegamento ipertestuale all'indice nel foglio base ed è agganciata alla cella L4 per tutti i fogli. Infatti, alla scheda "Inserisci" selezionando la forma da aggiungere al foglio di lavoro, facendo click con il tasto destro sulla forma e selezionando "Formato forma", nella finestra di dialogo che si apre, andando alla sezione "Proprietà", selezionare l'opzione "Sposta e ridimensiona con le celle". In questo modo, la forma rimarrà agganciata alla cella specifica e si sposterà o ridimensionerà insieme alla cella quando si apportano modifiche al foglio di lavoro.
B6: Implementato che è stato messo tutto come formato testo sui numeri delle carte, altrimenti come formato "Generale" su Excel se metto robe come 1/64 o 2/64 (esempio su Jungle) le interpreta come date e scrive "gen-64" anche se il formato cella è "Generale"
B7: Implementato un check: se in ogni foglio corrispondente ogni carta ha "Y" sulla colonna "yes/no" allora nella colonna E dell'indice principale scrive "COMPLETE" altrimenti scrive "to be completed"
B8: implementare tutte le regole sopra anche su la parte di EX SERIES e VS set
B9: inserire tutti i set jappo, catalogarli eccc
B10: finire di inserire i set principali
B11: Sulla formula che fa il check del completamento nell'index principale non gli piace gli spazi nel nome del foglio singolo (esempio BASE_SET_2)
B12: fare una formattazione condizionale che se c'è "COMPLETE" mi mette in grassetto anche D5, C5, B5 (esempio) e così via per tutte le triplets di righe se invece c'è scritto "to be completed" mette in rosso il carattere di quella cella
B13: adattare le immagini alla dimensione di una cella E Agganciare le due immagini a fianco a quella cella (passare tutti i set per cui per ogni copia e incolla immagine faccio "INCOLLA IMMAGINE DENTRO LA CELLA") - COME FATTO SU EX RUBY E SAPPHIRE SIA PER LOGO CHE PER IMMAGINE SET
B14: Implementare tutto su un foglio a parte magari con CERCA VERT ecc.. Seguendo la timeline | - Original Era (1996 – 1999) https://pokumon.com/timeline/ - Neo Era (2000 – 2001) https://pokumon.com/timeline-neo-era/
... B18: La struttura è predisposta per l'integrazione ETL con CardTrader API: la colonna Condition è mappabile direttamente ai parametri dell'API, e Estimated Value è pronta a ricevere i prezzi normalizzati. la logica va implementata lato ETL (Extract, Transform, Load): si estraggono i prezzi da CardTrader via API, si normalizza la condizione con una funzione di mapping (ad esempio una tabella di lookup o una funzione CASE in SQL o equivalente in script), e si caricano i dati già armonizzati. Chiaramente non conviene fare questa traduzione direttamente in Excel se l’obiettivo è scalabilità e automazione

Sheet INDEX_TCG
B2: Un foglio di indice all'inizio della cartella di lavoro con collegamenti ipertestuali ai vari fogli (cliccando sul nome del set)
B4: WIZARD OF THE COAST | G4: VS ERA | L4: EX-SERIES
C5: BASE SET | D5: #VALUE! | E5: {=IF(COUNTIF(INDIRECT("BASE_SET!I6:I" & MAX(IF(BASE_SET!D:D<>"", ROW(BASE_SET!D:D)))), "Y") = MAX(IF(BASE_SET!D:D<>"", ROW(BASE_SET!D:D))) - 5, "COMPLETE", "to be completed")} -> COMPLETE | G5: #VALUE! | H5: Pokémon VS — minor expansion | I5: #VALUE! | J5: {=IF(COUNTIF(INDIRECT("'VS'!I6:I" & MAX(IF(VS!D:D<>"", ROW(VS!D:D)))), "Y") = MAX(IF(VS!D:D<>"", ROW(VS!D:D))) - 5, "COMPLETE", "to be completed")} -> to be completed | L5: #VALUE! | M5: EX Ruby & Sapphire | N5: #VALUE! | O5: {=IF(COUNTIF(INDIRECT("'EX_RUBY_SAPPHIRE'!I6:I" & MAX(IF(EX_RUBY_SAPPHIRE!D:D<>"", ROW(EX_RUBY_SAPPHIRE!D:D)))), "Y") = MAX(IF(EX_RUBY_SAPPHIRE!D:D<>"", ROW(EX_RUBY_SAPPHIRE!D:D))) - 5, "COMPLETE", "to be completed")} -> to be completed
B6: #VALUE! | C6: JUNGLE | D6: #VALUE! | E6: {=IF(COUNTIF(INDIRECT("'JUNGLE'!I6:I" & MAX(IF(JUNGLE!D:D<>"", ROW(JUNGLE!D:D)))), "Y") = MAX(IF(JUNGLE!D:D<>"", ROW(JUNGLE!D:D))) - 5, "COMPLETE", "to be completed")} -> to be completed | G6: VS PROMOTIONAL | L6: #VALUE! | M6: EX Sandstorm | N6: #VALUE! | O6: {=IF(COUNTIF(INDIRECT("'EX_SANDSTORM'!I6:I" & MAX(IF(EX_SANDSTORM!D:D<>"", ROW(EX_SANDSTORM!D:D)))), "Y") = MAX(IF(EX_SANDSTORM!D:D<>"", ROW(EX_SANDSTORM!D:D))) - 5, "COMPLETE", "to be completed")} -> to be completed
B7: #VALUE! | C7: FOSSIL | D7: #VALUE! | E7: {=IF(COUNTIF(INDIRECT("'FOSSIL'!I6:I" & MAX(IF(FOSSIL!D:D<>"", ROW(FOSSIL!D:D)))), "Y") = MAX(IF(FOSSIL!D:D<>"", ROW(FOSSIL!D:D))) - 5, "COMPLETE", "to be completed")} -> to be completed | H7: Theater Limited VS Pack | J7: {=IF(COUNTIF(INDIRECT("THEATER_LTD_VS_PACK!I6:I" & MAX(IF(THEATER_LTD_VS_PACK!D:D<>"", ROW(THEATER_LTD_VS_PACK!D:D)))), "Y") = MAX(IF(THEATER_LTD_VS_PACK!D:D<>"", ROW(THEATER_LTD_VS_PACK!D:D))) - 5, "COMPLETE", "to be completed")} -> to be completed | L7: #VALUE! | M7: EX Dragon | N7: #VALUE! | O7: {=IF(COUNTIF(INDIRECT("'EX_DRAGON'!I6:I" & MAX(IF(EX_DRAGON!D:D<>"", ROW(EX_DRAGON!D:D)))), "Y") = MAX(IF(EX_DRAGON!D:D<>"", ROW(EX_DRAGON!D:D))) - 5, "COMPLETE", "to be completed")} -> to be completed
B8: #VALUE! | C8: BASE SET 2 | D8: #VALUE! | E8: {=IF(COUNTIF(INDIRECT("'BASE_SET_2'!I6:I" & MAX(IF(BASE_SET_2!D:D<>"", ROW(BASE_SET_2!D:D)))), "Y") = MAX(IF(BASE_SET_2!D:D<>"", ROW(BASE_SET_2!D:D))) - 5, "COMPLETE", "to be completed")} -> to be completed | H8: Movie Commemoration VS Pack Sky-Splitting Deoxys (TCG) | J8: {=IF(COUNTIF(INDIRECT("MOVIE_VS_DEOXYS!I6:I" & MAX(IF(MOVIE_VS_DEOXYS!D:D<>"", ROW(MOVIE_VS_DEOXYS!D:D)))), "Y") = MAX(IF(MOVIE_VS_DEOXYS!D:D<>"", ROW(MOVIE_VS_DEOXYS!D:D))) - 5, "COMPLETE", "to be completed")} -> to be completed | L8: #VALUE! | M8: EX Team Magma vs Team Aqua | N8: #VALUE! | O8: {=IF(COUNTIF(INDIRECT("'EX_TEAM_MAGMA_ACQUA'!I6:I" & MAX(IF(EX_TEAM_MAGMA_ACQUA!D:D<>"", ROW(EX_TEAM_MAGMA_ACQUA!D:D)))), "Y") = MAX(IF(EX_TEAM_MAGMA_ACQUA!D:D<>"", ROW(EX_TEAM_MAGMA_ACQUA!D:D))) - 5, "COMPLETE", "to be completed")} -> to be completed
B9: #VALUE! | C9: TEAM ROCKET | D9: #VALUE! | E9: {=IF(COUNTIF(INDIRECT("'TEAM_ROCKET'!I6:I" & MAX(IF(TEAM_ROCKET!D:D<>"", ROW(TEAM_ROCKET!D:D)))), "Y") = MAX(IF(TEAM_ROCKET!D:D<>"", ROW(TEAM_ROCKET!D:D))) - 5, "COMPLETE", "to be completed")} -> to be completed | H9: Movie Commemoration VS Pack Aura's Lucario (TCG) | J9: {=IF(COUNTIF(INDIRECT("MOVIE_VS_LUCARIO!I6:I" & MAX(IF(MOVIE_VS_LUCARIO!D:D<>"", ROW(MOVIE_VS_LUCARIO!D:D)))), "Y") = MAX(IF(MOVIE_VS_LUCARIO!D:D<>"", ROW(MOVIE_VS_LUCARIO!D:D))) - 5, "COMPLETE", "to be completed")} -> to be completed | L9: #VALUE! | M9: EX Hidden Legends | N9: #VALUE! | O9: {=IF(COUNTIF(INDIRECT("'EX_HIDDEN_LEGENDS'!I6:I" & MAX(IF(EX_HIDDEN_LEGENDS!D:D<>"", ROW(EX_HIDDEN_LEGENDS!D:D)))), "Y") = MAX(IF(EX_HIDDEN_LEGENDS!D:D<>"", ROW(EX_HIDDEN_LEGENDS!D:D))) - 5, "COMPLETE", "to be completed")} -> to be completed
B10: #VALUE! | C10: GYM HEROES | D10: #VALUE! | E10: {=IF(COUNTIF(INDIRECT("'GYM_HEROES'!I6:I" & MAX(IF(GYM_HEROES!D:D<>"", ROW(GYM_HEROES!D:D)))), "Y") = MAX(IF(GYM_HEROES!D:D<>"", ROW(GYM_HEROES!D:D))) - 5, "COMPLETE", "to be completed")} -> to be completed | H10: Best of Game | J10: {=IF(COUNTIF(INDIRECT("BEST_OF_GAME!I6:I" & MAX(IF(BEST_OF_GAME!D:D<>"", ROW(BEST_OF_GAME!D:D)))), "Y") = MAX(IF(BEST_OF_GAME!D:D<>"", ROW(BEST_OF_GAME!D:D))) - 5, "COMPLETE", "to be completed")} -> to be completed | L10: #VALUE! | M10: EX FireRed & LeafGreen | N10: #VALUE! | O10: {=IF(COUNTIF(INDIRECT("'EX_FIRERED_LEAFGREEN'!I6:I" & MAX(IF(EX_FIRERED_LEAFGREEN!D:D<>"", ROW(EX_FIRERED_LEAFGREEN!D:D)))), "Y") = MAX(IF(EX_FIRERED_LEAFGREEN!D:D<>"", ROW(EX_FIRERED_LEAFGREEN!D:D))) - 5, "COMPLETE", "to be completed")} -> to be completed
B11: #VALUE! | C11: GYM CHALLENGE | D11: #VALUE! | E11: {=IF(COUNTIF(INDIRECT("'GYM_CHALLENGE'!I6:I" & MAX(IF(GYM_CHALLENGE!D:D<>"", ROW(GYM_CHALLENGE!D:D)))), "Y") = MAX(IF(GYM_CHALLENGE!D:D<>"", ROW(GYM_CHALLENGE!D:D))) - 5, "COMPLETE", "to be completed")} -> to be completed | L11: #VALUE! | M11: EX Team Rocket Returns | N11: #VALUE! | O11: {=IF(COUNTIF(INDIRECT("'EX_TEAM_ROCKET_RETURNS'!I6:I" & MAX(IF(EX_TEAM_ROCKET_RETURNS!D:D<>"", ROW(EX_TEAM_ROCKET_RETURNS!D:D)))), "Y") = MAX(IF(EX_TEAM_ROCKET_RETURNS!D:D<>"", ROW(EX_TEAM_ROCKET_RETURNS!D:D))) - 5, "COMPLETE", "to be completed")} -> to be completed
B12: #VALUE! | C12: NEO GENESIS | D12: #VALUE! | E12: {=IF(COUNTIF(INDIRECT("'NEO_GENESIS'!I6:I" & MAX(IF(NEO_GENESIS!D:D<>"", ROW(NEO_GENESIS!D:D)))), "Y") = MAX(IF(NEO_GENESIS!D:D<>"", ROW(NEO_GENESIS!D:D))) - 5, "COMPLETE", "to be completed")} -> to be completed | G12: UNNUMBERED PROMOTIONAL CARDS 1996-2005 | L12: #VALUE! | M12: EX Deoxys | N12: #VALUE! | O12: {=IF(COUNTIF(INDIRECT("'EX_DEOXYS'!I6:I" & MAX(IF(EX_DEOXYS!D:D<>"", ROW(EX_DEOXYS!D:D)))), "Y") = MAX(IF(EX_DEOXYS!D:D<>"", ROW(EX_DEOXYS!D:D))) - 5, "COMPLETE", "to be completed")} -> to be completed
B13: #VALUE! | C13: NEO DISCOVERY | D13: #VALUE! | E13: {=IF(COUNTIF(INDIRECT("'NEO_DISCOVERY'!I6:I" & MAX(IF(NEO_DISCOVERY!D:D<>"", ROW(NEO_DISCOVERY!D:D)))), "Y") = MAX(IF(NEO_DISCOVERY!D:D<>"", ROW(NEO_DISCOVERY!D:D))) - 5, "COMPLETE", "to be completed")} -> to be completed | H13: All Nippon Airlines "Get in a Jet! Double Chance Campaign" (November 1-31, 1998) | J13: {=IF(COUNTIF(INDIRECT("ANA_CAMPAIGN!I6:I" & MAX(IF(ANA_CAMPAIGN!D:D<>"", ROW(ANA_CAMPAIGN!D:D)))), "Y") = MAX(IF(ANA_CAMPAIGN!D:D<>"", ROW(ANA_CAMPAIGN!D:D))) - 5, "COMPLETE", "to be completed")} -> to be completed | L13: #VALUE! | M13: EX Emerald | N13: #VALUE! | O13: {=IF(COUNTIF(INDIRECT("'EX_EMERALD'!I6:I" & MAX(IF(EX_EMERALD!D:D<>"", ROW(EX_EMERALD!D:D)))), "Y") = MAX(IF(EX_EMERALD!D:D<>"", ROW(EX_EMERALD!D:D))) - 5, "COMPLETE", "to be completed")} -> to be completed
B14: #VALUE! | C14: NEO REVELATION | D14: #VALUE! | E14: {=IF(COUNTIF(INDIRECT("'NEO_REVELATION'!I6:I" & MAX(IF(NEO_REVELATION!D:D<>"", ROW(NEO_REVELATION!D:D)))), "Y") = MAX(IF(NEO_REVELATION!D:D<>"", ROW(NEO_REVELATION!D:D))) - 5, "COMPLETE", "to be completed")} -> to be completed | H14: Masaki | J14: {=IF(COUNTIF(INDIRECT("MASAKI!I6:I" & MAX(IF(MASAKI!D:D<>"", ROW(MASAKI!D:D)))), "Y") = MAX(IF(MASAKI!D:D<>"", ROW(MASAKI!D:D))) - 5, "COMPLETE", "to be completed")} -> to be completed | L14: #VALUE! | M14: EX Unseen Forces | N14: #VALUE! | O14: {=IF(COUNTIF(INDIRECT("'EX_UNSEEN_FORCES'!I6:I" & MAX(IF(EX_UNSEEN_FORCES!D:D<>"", ROW(EX_UNSEEN_FORCES!D:D)))), "Y") = MAX(IF(EX_UNSEEN_FORCES!D:D<>"", ROW(EX_UNSEEN_FORCES!D:D))) - 5, "COMPLETE", "to be completed")} -> to be completed
B15: #VALUE! | C15: NEO DESTINY | D15: #VALUE! | E15: {=IF(COUNTIF(INDIRECT("'NEO_DESTINY'!I6:I" & MAX(IF(NEO_DESTINY!D:D<>"", ROW(NEO_DESTINY!D:D)))), "Y") = MAX(IF(NEO_DESTINY!D:D<>"", ROW(NEO_DESTINY!D:D))) - 5, "COMPLETE", "to be completed")} -> to be completed | H15: Unnumbered Owner | J15: {=IF(COUNTIF(INDIRECT("UNNUMBERED_OWNER!I6:I" & MAX(IF(UNNUMBERED_OWNER!D:D<>"", ROW(UNNUMBERED_OWNER!D:D)))), "Y") = MAX(IF(UNNUMBERED_OWNER!D:D<>"", ROW(UNNUMBERED_OWNER!D:D))) - 5, "COMPLETE", "to be completed")} -> to be completed | L15: #VALUE! | M15: EX Delta Species | N15: #VALUE! | O15: {=IF(COUNTIF(INDIRECT("'EX_DELTA_SPECIES'!I6:I" & MAX(IF(EX_DELTA_SPECIES!D:D<>"", ROW(EX_DELTA_SPECIES!D:D)))), "Y") = MAX(IF(EX_DELTA_SPECIES!D:D<>"", ROW(EX_DELTA_SPECIES!D:D))) - 5, "COMPLETE", "to be completed")} -> to be completed
B16: #VALUE! | C16: LEGENDARY COLLECTION | D16: #VALUE! | E16: {=IF(COUNTIF(INDIRECT("'LEGENDARY_COLLECTION'!I6:I" & MAX(IF(LEGENDARY_COLLECTION!D:D<>"", ROW(LEGENDARY_COLLECTION!D:D)))), "Y") = MAX(IF(LEGENDARY_COLLECTION!D:D<>"", ROW(LEGENDARY_COLLECTION!D:D))) - 5, "COMPLETE", "to be completed")} -> to be completed | L16: #VALUE! | M16: EX Legend Maker | N16: #VALUE! | O16: {=IF(COUNTIF(INDIRECT("'EX_LEGEND_MAKER'!I6:I" & MAX(IF(EX_LEGEND_MAKER!D:D<>"", ROW(EX_LEGEND_MAKER!D:D)))), "Y") = MAX(IF(EX_LEGEND_MAKER!D:D<>"", ROW(EX_LEGEND_MAKER!D:D))) - 5, "COMPLETE", "to be completed")} -> to be completed
B17: #VALUE! | C17: EXPEDITION | D17: #VALUE! | E17: {=IF(COUNTIF(INDIRECT("'EXPEDITION'!I6:I" & MAX(IF(EXPEDITION!D:D<>"", ROW(EXPEDITION!D:D)))), "Y") = MAX(IF(EXPEDITION!D:D<>"", ROW(EXPEDITION!D:D))) - 5, "COMPLETE", "to be completed")} -> to be completed | L17: #VALUE! | M17: EX Holon Phantoms | N17: #VALUE! | O17: {=IF(COUNTIF(INDIRECT("'EX_HOLON_PHANTOMS'!I6:I" & MAX(IF(EX_HOLON_PHANTOMS!D:D<>"", ROW(EX_HOLON_PHANTOMS!D:D)))), "Y") = MAX(IF(EX_HOLON_PHANTOMS!D:D<>"", ROW(EX_HOLON_PHANTOMS!D:D))) - 5, "COMPLETE", "to be completed")} -> to be completed
B18: #VALUE! | C18: ACQUAPOLIS | D18: #VALUE! | E18: {=IF(COUNTIF(INDIRECT("'ACQUAPOLIS'!I6:I" & MAX(IF(ACQUAPOLIS!D:D<>"", ROW(ACQUAPOLIS!D:D)))), "Y") = MAX(IF(ACQUAPOLIS!D:D<>"", ROW(ACQUAPOLIS!D:D))) - 5, "COMPLETE", "to be completed")} -> to be completed | L18: #VALUE! | M18: EX Crystal Guardians | N18: #VALUE! | O18: {=IF(COUNTIF(INDIRECT("'EX_CRYSTAL_GUARDIANS'!I6:I" & MAX(IF(EX_CRYSTAL_GUARDIANS!D:D<>"", ROW(EX_CRYSTAL_GUARDIANS!D:D)))), "Y") = MAX(IF(EX_CRYSTAL_GUARDIANS!D:D<>"", ROW(EX_CRYSTAL_GUARDIANS!D:D))) - 5, "COMPLETE", "to be completed")} -> to be completed
B19: #VALUE! | C19: SKYRIDGE | D19: #VALUE! | E19: {=IF(COUNTIF(INDIRECT("'SKYRIDGE'!I6:I" & MAX(IF(SKYRIDGE!D:D<>"", ROW(SKYRIDGE!D:D)))), "Y") = MAX(IF(SKYRIDGE!D:D<>"", ROW(SKYRIDGE!D:D))) - 5, "COMPLETE", "to be completed")} -> to be completed | L19: #VALUE! | M19: EX Dragon Frontiers | N19: #VALUE! | O19: {=IF(COUNTIF(INDIRECT("'EX_DRAGON_FRONTIERS'!I6:I" & MAX(IF(EX_DRAGON_FRONTIERS!D:D<>"", ROW(EX_DRAGON_FRONTIERS!D:D)))), "Y") = MAX(IF(EX_DRAGON_FRONTIERS!D:D<>"", ROW(EX_DRAGON_FRONTIERS!D:D))) - 5, "COMPLETE", "to be completed")} -> to be completed
B20: VENDING MACHINE CARDS | G20: CARDASS | L20: #VALUE! | M20: EX Power Keepers | N20: #VALUE! | O20: {=IF(COUNTIF(INDIRECT("'EX_POWER_KEEPERS'!I6:I" & MAX(IF(EX_POWER_KEEPERS!D:D<>"", ROW(EX_POWER_KEEPERS!D:D)))), "Y") = MAX(IF(EX_POWER_KEEPERS!D:D<>"", ROW(EX_POWER_KEEPERS!D:D))) - 5, "COMPLETE", "to be completed")} -> to be completed
B21: #VALUE! | C21: Vending Machine cards Series 1 (Blue) | D21: 拡張シート | E21: {=IF(COUNTIF(INDIRECT("'VMC_SERIES1_BLUE'!I6:I" & MAX(IF(VMC_SERIES1_BLUE!D:D<>"", ROW(VMC_SERIES1_BLUE!D:D)))), "Y") = MAX(IF(VMC_SERIES1_BLUE!D:D<>"", ROW(VMC_SERIES1_BLUE!D:D))) - 5, "COMPLETE", "to be completed")} -> to be completed | H21: Pocket Monsters Carddass Trading Cards | J21: {=IF(COUNTIF(INDIRECT("PM_CARDDASS!I6:I" & MAX(IF(PM_CARDDASS!D:D<>"", ROW(PM_CARDDASS!D:D)))), "Y") = MAX(IF(PM_CARDDASS!D:D<>"", ROW(PM_CARDDASS!D:D))) - 5, "COMPLETE", "to be completed")} -> to be completed
B22: #VALUE! | C22: Vending Machine cards Series 2 (Red) | D22: 拡張シート | E22: =IF(COUNTIF(VMC_SERIES2_RED!I6:I500,"Y")=COUNTA(VMC_SERIES2_RED!D6:D500),"COMPLETE","to be completed") -> to be completed
B23: #VALUE! | C23: Vending Machine cards Series 3 (Green) | D23: 拡張シート | E23: =IF(COUNTIF(VMC_SERIES3_GREEN!I6:I500,"Y")=COUNTA(VMC_SERIES3_GREEN!D6:D500),"COMPLETE","to be completed") -> to be completed
B24: WOC PROMOTIONAL SERIES
B25: #VALUE! | C25: Southern Islands | D25: #VALUE! | E25: {=IF(COUNTIF(INDIRECT("'SOUTHERN_ISLAND'!I6:I" & MAX(IF(SOUTHERN_ISLAND!D:D<>"", ROW(SOUTHERN_ISLAND!D:D)))), "Y") = MAX(IF(SOUTHERN_ISLAND!D:D<>"", ROW(SOUTHERN_ISLAND!D:D))) - 5, "COMPLETE", "to be completed")} -> to be completed
B26: #VALUE! | C26: Wizards Black Star Promos | E26: {=IF(COUNTIF(INDIRECT("'WOC_PROMO'!I6:I" & MAX(IF(WOC_PROMO!D:D<>"", ROW(WOC_PROMO!D:D)))), "Y") = MAX(IF(WOC_PROMO!D:D<>"", ROW(WOC_PROMO!D:D))) - 5, "COMPLETE", "to be completed")} -> to be completed

Sheet PROMO

Sheet SOUTHERN_ISLAND
B2: HOME | C2: Link | D2: https://bulbapedia.bulbagarden.net/wiki/Southern_Islands_(TCG)
C3: Card set name | D3: Southern Islands (TCG)
C5: Rarity | D5: No. | E5: Card name | F5: Type | G5: Promotion | H5: Quantity | I5: yes/no | J5: Language | K5: 1st edition | L5: Stamped | M5: Reverse Holo | N5: Condition | O5: Estimated Value | P5: Notes
C6: - | D6: 1/18 | E6: Mew | F6: Psychic | G6: Sky (Rainbow Island) | H6: -
C7: - | D7: 2/18 | E7: Pidgeot | F7: Colorless | G7: Sky (Rainbow Island) | H7: -
C8: - | D8: 3/18 | E8: Onix | F8: Fighting | G8: Sky (Rainbow Island) | H8: -
C9: - | D9: 4/18 | E9: Togepi | F9: Colorless | G9: Riverside (Rainbow Island) | H9: - | I9: Y
C10: - | D10: 5/18 | E10: Ivysaur | F10: Grass | G10: Riverside (Rainbow Island) | H10: -
C11: - | D11: 6/18 | E11: Raticate | F11: Colorless | G11: Riverside (Rainbow Island) | H11: -
C12: - | D12: 7/18 | E12: Ledyba | F12: Grass | G12: Field of Flowers (Rainbow Island) | H12: - | I12: Y
C13: - | D13: 8/18 | E13: Jigglypuff | F13: Colorless | G13: Field of Flowers (Rainbow Island) | H13: -
C14: - | D14: 9/18 | E14: Butterfree | F14: Grass | G14: Field of Flowers (Rainbow Island) | H14: -
C15: - | D15: 10/18 | E15: Tentacruel | F15: Water | G15: Sea (Tropical Island) | H15: -
C16: - | D16: 11/18 | E16: Marill | F16: Water | G16: Sea (Tropical Island) | H16: - | I16: Y
C17: - | D17: 12/18 | E17: Lapras | F17: Water | G17: Sea (Tropical Island) | H17: - | I17: Y
C18: - | D18: 13/18 | E18: Exeggutor | F18: Grass | G18: Beach (Tropical Island) | H18: -
C19: - | D19: 14/18 | E19: Slowking | F19: Psychic | G19: Beach (Tropical Island) | H19: -
C20: - | D20: 15/18 | E20: Wartortle | F20: Water | G20: Beach (Tropical Island) | H20: - | I20: Y
C21: - | D21: 16/18 | E21: Lickitung | F21: Colorless | G21: Jungle (Tropical Island) | H21: -
C22: - | D22: 17/18 | E22: Vileplume | F22: Grass | G22: Jungle (Tropical Island) | H22: -
C23: - | D23: 18/18 | E23: Primeape | F23: Fighting | G23: Jungle (Tropical Island) | H23: -

Sheet WOC_PROMO
B2: HOME | C2: Link | D2: https://bulbapedia.bulbagarden.net/wiki/Wizards_Black_Star_Promos_(TCG)
C3: Card set name | D3: Wizards Black Star Promos (TCG)
C5: Rarity | D5: No. | E5: Card name | F5: Type | G5: Promotion | H5: Quantity | I5: yes/no | J5: Language | K5: 1st edition | L5: Stamped | M5: Reverse Holo | N5: Condition | O5: Estimated Value | P5: Notes
C6: - | D6: 1 | E6: Pikachu | F6: Lightning | G6: Pokémon League (July 1999) | H6: - | I6: Y
C7: - | D7: 2 | E7: Electabuzz [Pokémon: The First Movie] | F7: Lightning | G7: Mewtwo Strikes Back theatrical release (November 12, 1999) | H7: - | I7: Y
C8: - | D8: 3 | E8: Mewtwo [Pokémon: The First Movie] | F8: Psychic | G8: Mewtwo Strikes Back theatrical release (November 12, 1999) | H8: - | I8: Y
C9: - | D9: 4 | E9: Pikachu [Pokémon: The First Movie] | F9: Lightning | G9: Mewtwo Strikes Back theatrical release (November 12, 1999) | H9: - | I9: Y
C10: - | D10: 5 | E10: Dragonite [Pokémon: The First Movie] | F10: Colorless | G10: Mewtwo Strikes Back theatrical release (November 12, 1999) | H10: - | I10: Y
C11: - | D11: 6 | E11: Arcanine | F11: Fire | G11: Pokémon League (March 2000) | H11: - | I11: Y
C12: - | D12: 7 | E12: Jigglypuff | F12: Colorless | G12: Pokémon: The First Movie Soundtrack (November 9, 1999) | H12: - | I12: Y
C13: - | D13: 8 | E13: Mew | F13: Psychic | G13: Pokémon League (January 2000) | H13: - | I13: Y
C14: - | D14: 9 | E14: Mew | F14: Psychic | G14: Pokémon League (April 2000) | H14: -
C15: - | D15: 10 | E15: Meowth | F15: Colorless | G15: Pokémon Trading Card Game (Game Boy) (April 7, 2000) | H15: - | I15: Y
C16: - | D16: 11 | E16: Eevee | F16: Colorless | G16: Pokémon League (June 2000) | H16: -
C17: - | D17: 12 | E17: Mewtwo | F17: Psychic | G17: Nintendo Power Magazine (April 2000) | H17: -
C18: - | D18: 13 | E18: Venusaur | F18: Grass | G18: Pokémon Trading Card Game: Official Nintendo Player's Guide (March 31, 2000) | H18: -
C19: - | D19: 14 | E19: Mewtwo | F19: Psychic | G19: Mewtwo Strikes Back Home video release (March 21, 2000) | H19: - | I19: Y
C20: - | D20: 15 | E20: Cool Porygon | F20: Colorless | G20: Pokémon Stadium Nintendo 64 Bundle (February 2000) | H20: - | I20: Y
C21: - | D21: 16 | E21: Computer Error | F21: T [R] | G21: Pokémon League (May 2000) | H21: - | I21: Y
C22: - | D22: 17 | E22: Dark Persian | F22: Colorless | G22: Nintendo Power Magazine (August 2000) | H22: - | I22: Y
C23: - | D23: 18 | E23: Team Rocket's Meowth | F23: Colorless | G23: Pokémon League (August 2000) | H23: -
C24: - | D24: 19 | E24: Sabrina's Abra | F24: Psychic | G24: Nintendo Power Magazine (October 2000) | H24: - | I24: Y
C25: - | D25: 20 | E25: Psyduck | F25: Water | G25: Pokémon League (September 2000) | H25: -
C26: - | D26: 21 | E26: Moltres | F26: Fire | G26: The Power of One theatrical release (July 21, 2000) | H26: - | I26: Y
C27: - | D27: 22 | E27: Articuno | F27: Water | G27: The Power of One theatrical release (July 21, 2000) | H27: - | I27: Y
C28: - | D28: 23 | E28: Zapdos | F28: Lightning | G28: The Power of One theatrical release (July 21, 2000) | H28: - | I28: Y
C29: - | D29: 24 | E29: _____'s Pikachu | F29: Lightning | G29: Pokémon League "Create-a-Card" Activity (January 6, 2001) | H29: -
C30: - | D30: 25 | E30: Flying Pikachu | F30: Lightning | G30: Pokémon League (August 2001) | H30: -
C31: - | D31: 26 | E31: Pikachu | F31: Lightning | G31: Pokémon League (August 2001) | H31: - | I31: Y
C32: - | D32: 27 | E32: Pikachu | F32: Lightning | G32: The Power of One Home video release (November 14, 2000) | H32: - | I32: Y
C33: - | D33: 28 | E33: Surfing Pikachu | F33: Lightning | G33: Pokémon League (August 2001) | H33: -
C34: - | D34: 29 | E34: Marill | F34: Water | G34: Pokémon League (December 2000) | H34: - | I34: Y
C35: - | D35: 30 | E35: Togepi | F35: Colorless | G35: Pokémon League (January 2001) | H35: - | I35: Y
C36: - | D36: 31 | E36: Cleffa | F36: Colorless | G36: Pokémon League (February 2001) | H36: - | I36: Y
C37: - | D37: 32 | E37: Smeargle | F37: Colorless | G37: Pokémon League (March 2001) | H37: - | I37: Y
C38: - | D38: 33 | E38: Scizor | F38: Metal | G38: Pokémon League (June 2001) | H38: - | I38: Y
C39: - | D39: 34 | E39: Entei | F39: Fire | G39: Spell of the Unown: Entei theatrical release (April 6, 2001) | H39: - | I39: Y
C40: - | D40: 35 | E40: Pichu | F40: Lightning | G40: Pokémon League (April 2001) | H40: - | I40: Y
C41: - | D41: 36 | E41: Igglybuff | F41: Colorless | G41: Pokémon League (May 2001) | H41: - | I41: Y
C42: - | D42: 37 | E42: Hitmontop | F42: Fighting | G42: Pokémon League (July 2001) | H42: - | I42: Y
C43: - | D43: 38 | E43: Unown J | F43: Psychic | G43: Spell of the Unown: Entei Home video release (August 21, 2001) | H43: - | I43: Y
C44: - | D44: 39 | E44: Misdreavus | F44: Psychic | G44: Pokémon League (September 2001) | H44: - | I44: Y
C45: - | D45: 40 | E45: Pokémon Center | F45: T | G45: Pokémon Center New York Opening (November 16, 2001) | H45: -
C46: - | D46: 41 | E46: Lucky Stadium | F46: T [St] | G46: Pokémon Center New York Opening (November 16, 2001) | H46: -
C47: - | D47: 42 | E47: Pokémon Tower | F47: T [St] | G47: Pokémon League (January 2002) | H47: - | I47: Y
C48: - | D48: 43 | E48: Machamp | F48: Fighting | G48: Pokémon League (February 2002) | H48: -
C49: - | D49: 44 | E49: Magmar | F49: Fire | G49: Pokémon League (March 2002) | H49: -
C50: - | D50: 45 | E50: Scyther | F50: Grass | G50: Pokémon League (April 2002) | H50: -
C51: - | D51: 46 | E51: Electabuzz | F51: Lightning | G51: Pokémon League (May 2002) | H51: -
C52: - | D52: 47 | E52: Mew | F52: Psychic | G52: Pokémon League (June 2002) | H52: -
C53: - | D53: 48 | E53: Articuno | F53: Water | G53: Pokémon League (July 2002) | H53: -
C54: - | D54: 49 | E54: Snorlax | F54: Colorless | G54: Pokémon League (August 2002) | H54: -
C55: - | D55: 50 | E55: Celebi [Pokémon 4Ever] | F55: Grass | G55: Celebi: The Voice of the Forest theatrical release (October 11, 2002) | H55: -
C56: - | D56: 51 | E56: Rapidash [Pokémon Center NY] | F56: Fire | G56: Pokémon Center New York (November 2002) | H56: -
C57: - | E57: Rapidash | G57: Nintendo Power Magazine (November 2002) | H57: -
C58: - | D58: 52 | E58: Ho-Oh [Pokémon Center NY] | F58: Fire | G58: Pokémon Center New York (November 2002) | H58: -
C59: - | E59: Ho-Oh | G59: Nintendo Power Magazine (November 2002) | H59: -
C60: - | D60: 53 | E60: Suicune [Pokémon 4Ever] | F60: Water | G60: Celebi: The Voice of the Forest Home video release (March 18, 2003) | H60: -
C61: - | D61: 54 | E61: Ancient Mew | F61: - | G61: - | H61: - | I61: Y | P61: Ancient Mew - attualmente è catalogato come "54" delle WOC Promo, in realtà è una Miscellaneous promo 1999-2008

Sheet VENDING_MACHINE_CARDS

Sheet VMC_SERIES1_BLUE
B2: HOME | C2: Link | D2: https://bulbapedia.bulbagarden.net/wiki/Vending_Machine_cards_(TCG)#Vending_Machine_cards_Series_1_(Blue)
C3: Card set name | D3: Vending Machine cards Series 1 (Blue)
C5: Rarity | D5: No. | E5: Card name | F5: Type | G5: Promotion | H5: Quantity | I5: yes/no | J5: Language | K5: 1st edition | L5: Stamped | M5: Reverse Holo | N5: Condition | O5: Estimated Value | P5: Notes
C6: Uncommon | D6: — | E6: Bulbasaur | F6: Grass | G6: - | H6: -
C7: Common | D7: — | E7: Caterpie | F7: Grass | G7: - | H7: -
C8: Uncommon | D8: — | E8: Metapod | F8: Grass | G8: - | H8: -
C9: Common | D9: — | E9: Weedle | F9: Grass | G9: - | H9: -
C10: Common | D10: — | E10: Kakuna | F10: Grass | G10: - | H10: -
C11: Common | D11: — | E11: Nidoran♀ | F11: Grass | G11: - | H11: -
C12: Common | D12: — | E12: Nidoran♂ | F12: Grass | G12: - | H12: -
C13: Common | D13: — | E13: Zubat | F13: Grass | G13: - | H13: -
C14: Common | D14: — | E14: Golbat | F14: Grass | G14: - | H14: -
C15: Common | D15: — | E15: Paras | F15: Grass | G15: - | H15: -
C16: Common | D16: — | E16: Parasect | F16: Grass | G16: - | H16: -
C17: Uncommon | D17: — | E17: Pinsir | F17: Grass | G17: - | H17: -
... C41: — | D41: — | E41: Fossil Excavation | F41: T | G41: - | H41: -

Sheet VMC_SERIES2_RED
B2: HOME | C2: Link | D2: https://bulbapedia.bulbagarden.net/wiki/Vending_Machine_cards_(TCG)#Vending_Machine_cards_Series_2_(Red)
C3: Card set name | D3: Vending Machine cards Series 2 (Red)
C5: Rarity | D5: No. | E5: Card name | F5: Type | G5: Promotion | H5: Quantity | I5: yes/no | J5: Language | K5: 1st edition | L5: Stamped | M5: Reverse Holo | N5: Condition | O5: Estimated Value | P5: Notes
C6: Common | D6: 1/105 | E6: Lorem Ipsum | F6: Colorless | G6: - | H6: - | I6: N
C7: Common | D7: 2/105 | E7: Lorem Ipsum | F7: Colorless | G7: - | H7: - | I7: N
C8: Common | D8: 3/105 | E8: Lorem Ipsum | F8: Colorless | G8: - | H8: - | I8: N
C9: Common | D9: 4/105 | E9: Lorem Ipsum | F9: Colorless | G9: - | H9: - | I9: N
C10: Common | D10: 5/105 | E10: Lorem Ipsum | F10: Colorless | G10: - | H10: - | I10: N
C11: Common | D11: 6/105 | E11: Lorem Ipsum | F11: Colorless | G11: - | H11: - | I11: N
C12: Common | D12: 7/105 | E12: Lorem Ipsum | F12: Colorless | G12: - | H12: - | I12: N
C13: Common | D13: 8/105 | E13: Lorem Ipsum | F13: Colorless | G13: - | H13: - | I13: N
C14: Common | D14: 9/105 | E14: Lorem Ipsum | F14: Colorless | G14: - | H14: - | I14: N
C15: Common | D15: 10/105 | E15: Lorem Ipsum | F15: Colorless | G15: - | H15: - | I15: N
C16: Common | D16: 11/105 | E16: Lorem Ipsum | F16: Colorless | G16: - | H16: - | I16: N
C17: Common | D17: 12/105 | E17: Lorem Ipsum | F17: Colorless | G17: - | H17: - | I17: N
... C22: Common | D22: 17/105 | E22: Lorem Ipsum | F22: Colorless | G22: - | H22: - | I22: N

Sheet VMC_SERIES3_GREEN
B2: HOME | C2: Link | D2: https://bulbapedia.bulbagarden.net/wiki/Vending_Machine_cards_(TCG)#Vending_Machine_cards_Series_3_(Green)
C3: Card set name | D3: Vending Machine cards Series 3 (Green)
C5: Rarity | D5: No. | E5: Card name | F5: Type | G5: Promotion | H5: Quantity | I5: yes/no | J5: Language | K5: 1st edition | L5: Stamped | M5: Reverse Holo | N5: Condition | O5: Estimated Value | P5: Notes
C6: Common | D6: 1/105 | E6: Lorem Ipsum | F6: Colorless | G6: - | H6: - | I6: N
C7: Common | D7: 2/105 | E7: Lorem Ipsum | F7: Colorless | G7: - | H7: - | I7: N
C8: Common | D8: 3/105 | E8: Lorem Ipsum | F8: Colorless | G8: - | H8: - | I8: N
C9: Common | D9: 4/105 | E9: Lorem Ipsum | F9: Colorless | G9: - | H9: - | I9: N
C10: Common | D10: 5/105 | E10: Lorem Ipsum | F10: Colorless | G10: - | H10: - | I10: N
C11: Common | D11: 6/105 | E11: Lorem Ipsum | F11: Colorless | G11: - | H11: - | I11: N
C12: Common | D12: 7/105 | E12: Lorem Ipsum | F12: Colorless | G12: - | H12: - | I12: N
C13: Common | D13: 8/105 | E13: Lorem Ipsum | F13: Colorless | G13: - | H13: - | I13: N
C14: Common | D14: 9/105 | E14: Lorem Ipsum | F14: Colorless | G14: - | H14: - | I14: N
C15: Common | D15: 10/105 | E15: Lorem Ipsum | F15: Colorless | G15: - | H15: - | I15: N
C16: Common | D16: 11/105 | E16: Lorem Ipsum | F16: Colorless | G16: - | H16: - | I16: N
C17: Common | D17: 12/105 | E17: Lorem Ipsum | F17: Colorless | G17: - | H17: - | I17: N
... C22: Common | D22: 17/105 | E22: Lorem Ipsum | F22: Colorless | G22: - | H22: - | I22: N

Sheet WOC

Sheet BASE_SET
B2: HOME | C2: Link | D2: https://bulbapedia.bulbagarden.net/wiki/Base_Set_(TCG)
C3: Card set name | D3: BASE SET
C5: Rarity | D5: No. | E5: Card name | F5: Type | G5: Promotion | H5: Quantity | I5: yes/no | J5: Language | K5: 1st edition | L5: Stamped | M5: Reverse Holo | N5: Condition | O5: Estimated Value | P5: Notes
C6: Rare Holo | D6: 1/102 | E6: Alakazam | F6: Psychic | G6: - | H6: - | I6: Y
C7: Rare Holo | D7: 2/102 | E7: Blastoise | F7: Water | G7: - | H7: - | I7: Y
C8: Rare Holo | D8: 3/102 | E8: Chansey | F8: Colorless | G8: - | H8: - | I8: Y
C9: Rare Holo | D9: 4/102 | E9: Charizard | F9: Fire | G9: - | H9: - | I9: Y
C10: Rare Holo | D10: 5/102 | E10: Clefairy | F10: Colorless | G10: - | H10: - | I10: Y
C11: Rare Holo | D11: 6/102 | E11: Gyarados | F11: Water | G11: - | H11: - | I11: Y
C12: Rare Holo | D12: 7/102 | E12: Hitmonchan | F12: Fighting | G12: - | H12: - | I12: Y
C13: Rare Holo | D13: 8/102 | E13: Machamp | F13: Fighting | G13: - | H13: - | I13: Y
C14: Rare Holo | D14: 9/102 | E14: Magneton | F14: Lightning | G14: - | H14: - | I14: Y
C15: Rare Holo | D15: 10/102 | E15: Mewtwo | F15: Psychic | G15: - | H15: - | I15: Y
C16: Rare Holo | D16: 11/102 | E16: Nidoking | F16: Grass | G16: - | H16: - | I16: Y
C17: Rare Holo | D17: 12/102 | E17: Ninetales | F17: Fire | G17: - | H17: - | I17: Y
... C107: — | D107: 102/102 | E107: Water Energy | F107: Water E | G107: - | H107: - | I107: Y

Sheet JUNGLE
B2: HOME | C2: Link | D2: https://bulbapedia.bulbagarden.net/wiki/Jungle_(TCG)
C3: Card set name | D3: JUNGLE
C5: Rarity | D5: No. | E5: Card name | F5: Type | G5: Promotion | H5: Quantity | I5: yes/no | J5: Language | K5: 1st edition | L5: Stamped | M5: Reverse Holo | N5: Condition | O5: Estimated Value | P5: Notes
C6: Rare Holo | D6: 1/64 | E6: Clefable | F6: Colorless | G6: - | H6: - | I6: Y
C7: Rare Holo | D7: 2/64 | E7: Electrode | F7: Lightning | G7: - | H7: - | I7: Y
C8: Rare Holo | D8: 3/64 | E8: Flareon | F8: Fire | G8: - | H8: -
C9: Rare Holo | D9: 4/64 | E9: Jolteon | F9: Lightning | G9: - | H9: -
C10: Rare Holo | D10: 5/64 | E10: Kangaskhan | F10: Colorless | G10: - | H10: - | I10: Y
C11: Rare Holo | D11: 6/64 | E11: Mr. Mime | F11: Psychic | G11: - | H11: -
C12: Rare Holo | D12: 7/64 | E12: Nidoqueen | F12: Grass | G12: - | H12: - | I12: Y
C13: Rare Holo | D13: 8/64 | E13: Pidgeot | F13: Colorless | G13: - | H13: -
C14: Rare Holo | D14: 9/64 | E14: Pinsir | F14: Grass | G14: - | H14: -
C15: Rare Holo | D15: 10/64 | E15: Scyther | F15: Grass | G15: - | H15: - | I15: Y
C16: Rare Holo | D16: 11/64 | E16: Snorlax | F16: Colorless | G16: - | H16: -
C17: Rare Holo | D17: 12/64 | E17: Vaporeon | F17: Water | G17: - | H17: - | I17: Y
C18: Rare Holo | D18: 13/64 | E18: Venomoth | F18: Grass | G18: - | H18: - | I18: Y
C19: Rare Holo | D19: 14/64 | E19: Victreebel | F19: Grass | G19: - | H19: -
C20: Rare Holo | D20: 15/64 | E20: Vileplume | F20: Grass | G20: - | H20: -
C21: Rare Holo | D21: 16/64 | E21: Wigglytuff | F21: Colorless | G21: - | H21: - | I21: Y
C22: Rare | D22: 17/64 | E22: Clefable | F22: Colorless | G22: - | H22: - | I22: Y
C23: Rare | D23: 18/64 | E23: Electrode | F23: Lightning | G23: - | H23: - | I23: Y
C24: Rare | D24: 19/64 | E24: Flareon | F24: Fire | G24: - | H24: - | I24: Y
C25: Rare | D25: 20/64 | E25: Jolteon | F25: Lightning | G25: - | H25: - | I25: Y
C26: Rare | D26: 21/64 | E26: Kangaskhan | F26: Colorless | G26: - | H26: - | I26: Y
C27: Rare | D27: 22/64 | E27: Mr. Mime | F27: Psychic | G27: - | H27: - | I27: Y
C28: Rare | D28: 23/64 | E28: Nidoqueen | F28: Grass | G28: - | H28: - | I28: Y
C29: Rare | D29: 24/64 | E29: Pidgeot | F29: Colorless | G29: - | H29: - | I29: Y
C30: Rare | D30: 25/64 | E30: Pinsir | F30: Grass | G30: - | H30: - | I30: Y
C31: Rare | D31: 26/64 | E31: Scyther | F31: Grass | G31: - | H31: - | I31: Y
C32: Rare | D32: 27/64 | E32: Snorlax | F32: Colorless | G32: - | H32: - | I32: Y
... C34: Rare | D34: 29/64 | E34: Venomoth | F34: Grass | G34: - | H34: - | I34: Y
C35: Rare | D35: 30/64 | E35: Victreebel | F35: Grass | G35: - | H35: -
C36: Rare | D36: 31/64 | E36: Vileplume | F36: Grass | G36: - | H36: - | I36: Y
C37: Rare | D37: 32/64 | E37: Wigglytuff | F37: Colorless | G37: - | H37: - | I37: Y
C38: Uncommon | D38: 33/64 | E38: Butterfree | F38: Grass | G38: - | H38: - | I38: Y
C39: Uncommon | D39: 34/64 | E39: Dodrio | F39: Colorless | G39: - | H39: - | I39: Y
C40: Uncommon | D40: 35/64 | E40: Exeggutor | F40: Grass | G40: - | H40: - | I40: Y
C41: Uncommon | D41: 36/64 | E41: Fearow | F41: Colorless | G41: - | H41: - | I41: Y
C42: Uncommon | D42: 37/64 | E42: Gloom | F42: Grass | G42: - | H42: - | I42: Y
C43: Uncommon | D43: 38/64 | E43: Lickitung | F43: Colorless | G43: - | H43: - | I43: Y
C44: Uncommon | D44: 39/64 | E44: Marowak | F44: Fighting | G44: - | H44: - | I44: Y
C45: Uncommon | D45: 40/64 | E45: Nidorina | F45: Grass | G45: - | H45: - | I45: Y
C46: Uncommon | D46: 41/64 | E46: Parasect | F46: Grass | G46: - | H46: - | I46: Y
C47: Uncommon | D47: 42/64 | E47: Persian | F47: Colorless | G47: - | H47: - | I47: Y
... C69: Common | D69: 64/64 | E69: Poké Ball | F69: T | G69: - | H69: - | I69: Y

Sheet FOSSIL
B2: HOME | C2: Link | D2: https://bulbapedia.bulbagarden.net/wiki/Fossil_(TCG)
C3: Card set name | D3: FOSSIL
C5: Rarity | D5: No. | E5: Card name | F5: Type | G5: Promotion | H5: Quantity | I5: yes/no | J5: Language | K5: 1st edition | L5: Stamped | M5: Reverse Holo | N5: Condition | O5: Estimated Value | P5: Notes
C6: Rare Holo | D6: 1/62 | E6: Aerodactyl | F6: Fighting | G6: - | H6: - | I6: Y
C7: Rare Holo | D7: 2/62 | E7: Articuno | F7: Water | G7: - | H7: -
C8: Rare Holo | D8: 3/62 | E8: Ditto | F8: Colorless | G8: - | H8: -
C9: Rare Holo | D9: 4/62 | E9: Dragonite | F9: Colorless | G9: - | H9: - | I9: Y
C10: Rare Holo | D10: 5/62 | E10: Gengar | F10: Psychic | G10: - | H10: - | I10: Y
C11: Rare Holo | D11: 6/62 | E11: Haunter | F11: Psychic | G11: - | H11: -
C12: Rare Holo | D12: 7/62 | E12: Hitmonlee | F12: Fighting | G12: - | H12: -
C13: Rare Holo | D13: 8/62 | E13: Hypno | F13: Psychic | G13: - | H13: - | I13: Y
C14: Rare Holo | D14: 9/62 | E14: Kabutops | F14: Fighting | G14: - | H14: - | I14: Y
C15: Rare Holo | D15: 10/62 | E15: Lapras | F15: Water | G15: - | H15: - | I15: Y
C16: Rare Holo | D16: 11/62 | E16: Magneton | F16: Lightning | G16: - | H16: -
C17: Rare Holo | D17: 12/62 | E17: Moltres | F17: Fire | G17: - | H17: - | I17: Y
C18: Rare Holo | D18: 13/62 | E18: Muk | F18: Grass | G18: - | H18: - | I18: Y
C19: Rare Holo | D19: 14/62 | E19: Raichu | F19: Lightning | G19: - | H19: -
C20: Rare Holo | D20: 15/62 | E20: Zapdos | F20: Lightning | G20: - | H20: -
C21: Rare | D21: 16/62 | E21: Aerodactyl | F21: Fighting | G21: - | H21: - | I21: Y
C22: Rare | D22: 17/62 | E22: Articuno | F22: Water | G22: - | H22: - | I22: Y
C23: Rare | D23: 18/62 | E23: Ditto | F23: Colorless | G23: - | H23: - | I23: Y
C24: Rare | D24: 19/62 | E24: Dragonite | F24: Colorless | G24: - | H24: - | I24: Y
C25: Rare | D25: 20/62 | E25: Gengar | F25: Psychic | G25: - | H25: - | I25: Y
C26: Rare | D26: 21/62 | E26: Haunter | F26: Psychic | G26: - | H26: -
C27: Rare | D27: 22/62 | E27: Hitmonlee | F27: Fighting | G27: - | H27: - | I27: Y
C28: Rare | D28: 23/62 | E28: Hypno | F28: Psychic | G28: - | H28: - | I28: Y
C29: Rare | D29: 24/62 | E29: Kabutops | F29: Fighting | G29: - | H29: - | I29: Y
C30: Rare | D30: 25/62 | E30: Lapras | F30: Water | G30: - | H30: - | I30: Y
C31: Rare | D31: 26/62 | E31: Magneton | F31: Lightning | G31: - | H31: -
C32: Rare | D32: 27/62 | E32: Moltres | F32: Fire | G32: - | H32: - | I32: Y
C33: Rare | D33: 28/62 | E33: Muk | F33: Grass | G33: - | H33: - | I33: Y
C34: Rare | D34: 29/62 | E34: Raichu | F34: Lightning | G34: - | H34: - | I34: Y
C35: Rare | D35: 30/62 | E35: Zapdos | F35: Lightning | G35: - | H35: - | I35: Y
C36: Uncommon | D36: 31/62 | E36: Arbok | F36: Grass | G36: - | H36: - | I36: Y
C37: Uncommon | D37: 32/62 | E37: Cloyster | F37: Water | G37: - | H37: - | I37: Y
C38: Uncommon | D38: 33/62 | E38: Gastly | F38: Psychic | G38: - | H38: - | I38: Y
C39: Uncommon | D39: 34/62 | E39: Golbat | F39: Grass | G39: - | H39: - | I39: Y
C40: Uncommon | D40: 35/62 | E40: Golduck | F40: Water | G40: - | H40: - | I40: Y
C41: Uncommon | D41: 36/62 | E41: Golem | F41: Fighting | G41: - | H41: - | I41: Y
C42: Uncommon | D42: 37/62 | E42: Graveler | F42: Fighting | G42: - | H42: - | I42: Y
C43: Uncommon | D43: 38/62 | E43: Kingler | F43: Water | G43: - | H43: - | I43: Y
... C67: Common | D67: 62/62 | E67: Mysterious Fossil | F67: T | G67: - | H67: - | I67: Y

Sheet BASE_SET_2
B2: HOME | C2: Link | D2: https://bulbapedia.bulbagarden.net/wiki/Base_Set_2_(TCG)
C3: Card set name | D3: BASE SET 2
C5: Rarity | D5: No. | E5: Card name | F5: Type | G5: Promotion | H5: Quantity | I5: yes/no | J5: Language | K5: 1st edition | L5: Stamped | M5: Reverse Holo | N5: Condition | O5: Estimated Value | P5: Notes
C6: Rare Holo | D6: 1/130 | E6: Alakazam | F6: Psychic | G6: - | H6: -
C7: Rare Holo | D7: 2/130 | E7: Blastoise | F7: Water | G7: - | H7: -
C8: Rare Holo | D8: 3/130 | E8: Chansey | F8: Colorless | G8: - | H8: -
C9: Rare Holo | D9: 4/130 | E9: Charizard | F9: Fire | G9: - | H9: -
C10: Rare Holo | D10: 5/130 | E10: Clefable | F10: Colorless | G10: - | H10: -
C11: Rare Holo | D11: 6/130 | E11: Clefairy | F11: Colorless | G11: - | H11: -
C12: Rare Holo | D12: 7/130 | E12: Gyarados | F12: Water | G12: - | H12: -
C13: Rare Holo | D13: 8/130 | E13: Hitmonchan | F13: Fighting | G13: - | H13: -
C14: Rare Holo | D14: 9/130 | E14: Magneton | F14: Lightning | G14: - | H14: -
C15: Rare Holo | D15: 10/130 | E15: Mewtwo | F15: Psychic | G15: - | H15: -
C16: Rare Holo | D16: 11/130 | E16: Nidoking | F16: Grass | G16: - | H16: -
C17: Rare Holo | D17: 12/130 | E17: Nidoqueen | F17: Grass | G17: - | H17: -
... C30: Rare | D30: 25/130 | E30: Electrode | F30: Lightning | G30: - | H30: -
B31: 1UW1H27001361 | C31: Rare | D31: 26/130 | E31: Kangaskhan | F31: Colorless | G31: - | H31: - | I31: Y
C32: Rare | D32: 27/130 | E32: Mr. Mime | F32: Psychic | G32: - | H32: -
C33: Rare | D33: 28/130 | E33: Pidgeotto | F33: Colorless | G33: - | H33: -
C34: Rare | D34: 29/130 | E34: Pinsir | F34: Grass | G34: - | H34: -
C35: Rare | D35: 30/130 | E35: Snorlax | F35: Colorless | G35: - | H35: -
C36: Rare | D36: 31/130 | E36: Venomoth | F36: Grass | G36: - | H36: -
B37: 1UW1H27001361 | C37: Rare | D37: 32/130 | E37: Victreebel | F37: Grass | G37: - | H37: - | I37: Y
C38: Uncommon | D38: 33/130 | E38: Arcanine | F38: Fire | G38: - | H38: -
C39: Uncommon | D39: 34/130 | E39: Butterfree | F39: Grass | G39: - | H39: -
C40: Uncommon | D40: 35/130 | E40: Charmeleon | F40: Fire | G40: - | H40: -
C41: Uncommon | D41: 36/130 | E41: Dewgong | F41: Water | G41: - | H41: -
C42: Uncommon | D42: 37/130 | E42: Dodrio | F42: Colorless | G42: - | H42: -
C43: Uncommon | D43: 38/130 | E43: Dratini | F43: Colorless | G43: - | H43: -
C44: Uncommon | D44: 39/130 | E44: Exeggutor | F44: Grass | G44: - | H44: -
C45: Uncommon | D45: 40/130 | E45: Farfetch'd | F45: Colorless | G45: - | H45: -
C46: Uncommon | D46: 41/130 | E46: Fearow | F46: Colorless | G46: - | H46: -
C47: Uncommon | D47: 42/130 | E47: Growlithe | F47: Fire | G47: - | H47: -
C48: Uncommon | D48: 43/130 | E48: Haunter | F48: Psychic | G48: - | H48: -
C49: Uncommon | D49: 44/130 | E49: Ivysaur | F49: Grass | G49: - | H49: -
... C53: Uncommon | D53: 48/130 | E53: Lickitung | F53: Colorless | G53: - | H53: -
B54: 1UW1H27001361 | C54: Uncommon | D54: 49/130 | E54: Machoke | F54: Fighting | G54: - | H54: - | I54: Y
C55: Uncommon | D55: 50/130 | E55: Magikarp | F55: Water | G55: - | H55: -
C56: Uncommon | D56: 51/130 | E56: Magmar | F56: Fire | G56: - | H56: -
C57: Uncommon | D57: 52/130 | E57: Marowak | F57: Fighting | G57: - | H57: -
C58: Uncommon | D58: 53/130 | E58: Nidorina | F58: Grass | G58: - | H58: - | I58: Y
C59: Uncommon | D59: 54/130 | E59: Nidorino | F59: Grass | G59: - | H59: -
C60: Uncommon | D60: 55/130 | E60: Parasect | F60: Grass | G60: - | H60: -
C61: Uncommon | D61: 56/130 | E61: Persian | F61: Colorless | G61: - | H61: -
C62: Uncommon | D62: 57/130 | E62: Poliwhirl | F62: Water | G62: - | H62: -
C63: Uncommon | D63: 58/130 | E63: Raticate | F63: Colorless | G63: - | H63: -
C64: Uncommon | D64: 59/130 | E64: Rhydon | F64: Fighting | G64: - | H64: -
C65: Uncommon | D65: 60/130 | E65: Seaking | F65: Water | G65: - | H65: -
C66: Uncommon | D66: 61/130 | E66: Seel | F66: Water | G66: - | H66: -
C67: Uncommon | D67: 62/130 | E67: Tauros | F67: Colorless | G67: - | H67: -
C68: Uncommon | D68: 63/130 | E68: Wartortle | F68: Water | G68: - | H68: -
C69: Uncommon | D69: 64/130 | E69: Weepinbell | F69: Grass | G69: - | H69: -
C70: Common | D70: 65/130 | E70: Abra | F70: Psychic | G70: - | H70: -
... C83: Common | D83: 78/130 | E83: Machop | F83: Fighting | G83: - | H83: -
B84: 1UW1H27001361 | C84: Common | D84: 79/130 | E84: Magnemite | F84: Lightning | G84: - | H84: - | I84: Y
C85: Common | D85: 80/130 | E85: Meowth | F85: Colorless | G85: - | H85: -
C86: Common | D86: 81/130 | E86: Metapod | F86: Grass | G86: - | H86: -
C87: Common | D87: 82/130 | E87: Nidoran♀ | F87: Grass | G87: - | H87: -
C88: Common | D88: 83/130 | E88: Nidoran♂ | F88: Grass | G88: - | H88: -
C89: Common | D89: 84/130 | E89: Onix | F89: Fighting | G89: - | H89: -
C90: Common | D90: 85/130 | E90: Paras | F90: Grass | G90: - | H90: -
C91: Common | D91: 86/130 | E91: Pidgey | F91: Colorless | G91: - | H91: -
C92: Common | D92: 87/130 | E92: Pikachu | F92: Lightning | G92: - | H92: -
C93: Common | D93: 88/130 | E93: Poliwag | F93: Water | G93: - | H93: -
C94: Common | D94: 89/130 | E94: Rattata | F94: Colorless | G94: - | H94: -
C95: Common | D95: 90/130 | E95: Rhyhorn | F95: Fighting | G95: - | H95: -
C96: Common | D96: 91/130 | E96: Sandshrew | F96: Fighting | G96: - | H96: -
... C115: Uncommon | D115: 110/130 | E115: Energy Retrieval | F115: T | G115: - | H115: -
B116: 1UW1H27001361 | C116: Uncommon | D116: 111/130 | E116: Full Heal | F116: T | G116: - | H116: - | I116: Y
C117: Uncommon | D117: 112/130 | E117: Maintenance | F117: T | G117: - | H117: -
B118: 1UW1H27001361 | C118: Uncommon | D118: 113/130 | E118: PlusPower | F118: T | G118: - | H118: - | I118: Y
C119: Uncommon | D119: 114/130 | E119: Pokémon Center | F119: T | G119: - | H119: -
C120: Uncommon | D120: 115/130 | E120: Pokédex | F120: T | G120: - | H120: -
C121: Uncommon | D121: 116/130 | E121: Professor Oak | F121: T | G121: - | H121: -
B122: 1UW1H27001361 | C122: Uncommon | D122: 117/130 | E122: Super Potion | F122: T | G122: - | H122: - | I122: Y
C123: Common | D123: 118/130 | E123: Bill | F123: T | G123: - | H123: - | I123: Y
B124: 1UW1H27001361 | C124: Common | D124: 119/130 | E124: Energy Removal | F124: T | G124: - | H124: - | I124: Y
B125: 1UW1H27001361 | C125: Common | D125: 120/130 | E125: Gust of Wind | F125: T | G125: - | H125: - | I125: Y
B126: 1UW1H27001361 | C126: Common | D126: 121/130 | E126: Poké Ball | F126: T | G126: - | H126: - | I126: Y
B127: 1UW1H27001361 | C127: Common | D127: 122/130 | E127: Potion | F127: T | G127: - | H127: - | I127: Y
B128: 1UW1H27001361 | C128: Common | D128: 123/130 | E128: Switch | F128: T | G128: - | H128: - | I128: Y
C129: Uncommon | D129: 124/130 | E129: Double Colorless Energy | F129: Colorless E | G129: - | H129: -
C130: — | D130: 125/130 | E130: Fighting Energy | F130: Fighting E | G130: - | H130: -
C131: — | D131: 126/130 | E131: Fire Energy | F131: Fire E | G131: - | H131: -
B132: 1UW1H27001361 | C132: — | D132: 127/130 | E132: Grass Energy | F132: Grass E | G132: - | H132: - | I132: Y
B133: 1UW1H27001361 | C133: — | D133: 128/130 | E133: Lightning Energy | F133: Lightning E | G133: - | H133: - | I133: Y
B134: 1UW1H27001361 | C134: — | D134: 129/130 | E134: Psychic Energy | F134: Psychic E | G134: - | H134: - | I134: Y
B135: 1UW1H27001361 | C135: — | D135: 130/130 | E135: Water Energy | F135: Water E | G135: - | H135: - | I135: Y

Sheet TEAM_ROCKET
B2: HOME | C2: Link | D2: https://bulbapedia.bulbagarden.net/wiki/Team_Rocket_(TCG)
C3: Card set name | D3: TEAM ROCKET
C5: Rarity | D5: No. | E5: Card name | F5: Type | G5: Promotion | H5: Quantity | I5: yes/no | J5: Language | K5: 1st edition | L5: Stamped | M5: Reverse Holo | N5: Condition | O5: Estimated Value | P5: Notes
C6: Rare Holo | D6: 1/82 | E6: Dark Alakazam | F6: Psychic | G6: - | H6: -
C7: Rare Holo | D7: 2/82 | E7: Dark Arbok | F7: Grass | G7: - | H7: - | I7: Y
C8: Rare Holo | D8: 3/82 | E8: Dark Blastoise | F8: Water | G8: - | H8: -
C9: Rare Holo | D9: 4/82 | E9: Dark Charizard | F9: Fire | G9: - | H9: -
C10: Rare Holo | D10: 5/82 | E10: Dark Dragonite | F10: Colorless | G10: - | H10: -
C11: Rare Holo | D11: 6/82 | E11: Dark Dugtrio | F11: Fighting | G11: - | H11: - | I11: Y
C12: Rare Holo | D12: 7/82 | E12: Dark Golbat | F12: Grass | G12: - | H12: -
C13: Rare Holo | D13: 8/82 | E13: Dark Gyarados | F13: Water | G13: - | H13: -
C14: Rare Holo | D14: 9/82 | E14: Dark Hypno | F14: Psychic | G14: - | H14: -
C15: Rare Holo | D15: 10/82 | E15: Dark Machamp | F15: Fighting | G15: - | H15: - | I15: Y
C16: Rare Holo | D16: 11/82 | E16: Dark Magneton | F16: Lightning | G16: - | H16: -
C17: Rare Holo | D17: 12/82 | E17: Dark Slowbro | F17: Psychic | G17: - | H17: -
C18: Rare Holo | D18: 13/82 | E18: Dark Vileplume | F18: Grass | G18: - | H18: -
C19: Rare Holo | D19: 14/82 | E19: Dark Weezing | F19: Grass | G19: - | H19: - | I19: Y
C20: Rare Holo | D20: 15/82 | E20: Here Comes Team Rocket! | F20: T | G20: - | H20: -
C21: Rare Holo | D21: 16/82 | E21: Rocket's Sneak Attack | F21: T | G21: - | H21: -
C22: Rare Holo | D22: 17/82 | E22: Rainbow Energy | F22: Rainbow E | G22: - | H22: -
C23: Rare | D23: 18/82 | E23: Dark Alakazam | F23: Psychic | G23: - | H23: - | I23: Y
C24: Rare | D24: 19/82 | E24: Dark Arbok | F24: Grass | G24: - | H24: - | I24: Y
C25: Rare | D25: 20/82 | E25: Dark Blastoise | F25: Water | G25: - | H25: - | I25: Y
C26: Rare | D26: 21/82 | E26: Dark Charizard | F26: Fire | G26: - | H26: -
C27: Rare | D27: 22/82 | E27: Dark Dragonite | F27: Colorless | G27: - | H27: - | I27: Y
C28: Rare | D28: 23/82 | E28: Dark Dugtrio | F28: Fighting | G28: - | H28: - | I28: Y
C29: Rare | D29: 24/82 | E29: Dark Golbat | F29: Grass | G29: - | H29: - | I29: Y
C30: Rare | D30: 25/82 | E30: Dark Gyarados | F30: Water | G30: - | H30: - | I30: Y
C31: Rare | D31: 26/82 | E31: Dark Hypno | F31: Psychic | G31: - | H31: - | I31: Y
C32: Rare | D32: 27/82 | E32: Dark Machamp | F32: Fighting | G32: - | H32: - | I32: Y
C33: Rare | D33: 28/82 | E33: Dark Magneton | F33: Lightning | G33: - | H33: - | I33: Y
C34: Rare | D34: 29/82 | E34: Dark Slowbro | F34: Psychic | G34: - | H34: - | I34: Y
C35: Rare | D35: 30/82 | E35: Dark Vileplume | F35: Grass | G35: - | H35: - | I35: Y
B36: 20083310160 | C36: Rare | D36: 31/82 | E36: Dark Weezing | F36: Grass | G36: - | H36: - | I36: Y
C37: Uncommon | D37: 32/82 | E37: Dark Charmeleon | F37: Fire | G37: - | H37: - | I37: Y
C38: Uncommon | D38: 33/82 | E38: Dark Dragonair | F38: Colorless | G38: - | H38: - | I38: Y
C39: Uncommon | D39: 34/82 | E39: Dark Electrode | F39: Lightning | G39: - | H39: - | I39: Y
C40: Uncommon | D40: 35/82 | E40: Dark Flareon | F40: Fire | G40: - | H40: - | I40: Y
C41: Uncommon | D41: 36/82 | E41: Dark Gloom | F41: Grass | G41: - | H41: - | I41: Y
C42: Uncommon | D42: 37/82 | E42: Dark Golduck | F42: Water | G42: - | H42: - | I42: Y
C43: Uncommon | D43: 38/82 | E43: Dark Jolteon | F43: Lightning | G43: - | H43: - | I43: Y
C44: Uncommon | D44: 39/82 | E44: Dark Kadabra | F44: Psychic | G44: - | H44: - | I44: Y
C45: Uncommon | D45: 40/82 | E45: Dark Machoke | F45: Fighting | G45: - | H45: - | I45: Y
C46: Uncommon | D46: 41/82 | E46: Dark Muk | F46: Grass | G46: - | H46: - | I46: Y
C47: Uncommon | D47: 42/82 | E47: Dark Persian | F47: Colorless | G47: - | H47: - | I47: Y
C48: Uncommon | D48: 43/82 | E48: Dark Primeape | F48: Fighting | G48: - | H48: - | I48: Y
... C75: Common | D75: 70/82 | E75: Zubat | F75: Grass | G75: - | H75: - | I75: Y
C76: Rare | D76: 71/82 | E76: Here Comes Team Rocket! | F76: T | G76: - | H76: -
C77: Rare | D77: 72/82 | E77: Rocket's Sneak Attack | F77: T | G77: - | H77: - | I77: Y
C78: Uncommon | D78: 73/82 | E78: The Boss's Way | F78: T | G78: - | H78: - | I78: Y
C79: Uncommon | D79: 74/82 | E79: Challenge! | F79: T | G79: - | H79: - | I79: Y
C80: Uncommon | D80: 75/82 | E80: Digger | F80: T [R] | G80: - | H80: - | I80: Y
C81: Uncommon | D81: 76/82 | E81: Imposter Oak's Revenge | F81: T | G81: - | H81: - | I81: Y
C82: Uncommon | D82: 77/82 | E82: Nightly Garbage Run | F82: T [R] | G82: - | H82: - | I82: Y
C83: Common | D83: 78/82 | E83: Goop Gas Attack | F83: T | G83: - | H83: - | I83: Y
C84: Common | D84: 79/82 | E84: Sleep! | F84: T [R] | G84: - | H84: - | I84: Y
B85: 1UW1H27001361 | C85: Rare | D85: 80/82 | E85: Rainbow Energy | F85: Rainbow E | G85: - | H85: - | I85: Y
C86: Uncommon | D86: 81/82 | E86: Full Heal Energy | F86: Colorless E | G86: - | H86: - | I86: Y
C87: Uncommon | D87: 82/82 | E87: Potion Energy | F87: Colorless E | G87: - | H87: - | I87: Y
C88: Rare Holo | D88: 83/82 | E88: Dark Raichu | F88: Lightning | G88: - | H88: - | I88: Y

Sheet GYM_HEROES
B2: HOME | C2: Link | D2: https://bulbapedia.bulbagarden.net/wiki/Gym_Heroes_(TCG)
C3: Card set name | D3: GYM HEROES
C5: Rarity | D5: No. | E5: Card name | F5: Type | G5: Promotion | H5: Quantity | I5: yes/no | J5: Language | K5: 1st edition | L5: Stamped | M5: Reverse Holo | N5: Condition | O5: Estimated Value | P5: Notes
C6: Rare Holo | D6: 1/132 | E6: Blaine's Moltres | F6: Fire | G6: - | H6: - | I6: Y | J6: English
C7: Rare Holo | D7: 2/132 | E7: Brock's Rhydon | F7: Fighting | G7: - | H7: - | I7: Y | J7: English
C8: Rare Holo | D8: 3/132 | E8: Erika's Clefable | F8: Colorless | G8: - | H8: - | I8: Y | J8: English
C9: Rare Holo | D9: 4/132 | E9: Erika's Dragonair | F9: Colorless | G9: - | H9: - | I9: Y | J9: English
C10: Rare Holo | D10: 5/132 | E10: Erika's Vileplume | F10: Grass | G10: - | H10: - | I10: Y | J10: English
C11: Rare Holo | D11: 6/132 | E11: Lt. Surge's Electabuzz | F11: Lightning | G11: - | H11: - | I11: Y | J11: English
C12: Rare Holo | D12: 7/132 | E12: Lt. Surge's Fearow | F12: Colorless | G12: - | H12: - | I12: Y | J12: English
C13: Rare Holo | D13: 8/132 | E13: Lt. Surge's Magneton | F13: Lightning | G13: - | H13: - | I13: Y | J13: English
C14: Rare Holo | D14: 9/132 | E14: Misty's Seadra | F14: Water | G14: - | H14: - | I14: Y | J14: English
C15: Rare Holo | D15: 10/132 | E15: Misty's Tentacruel | F15: Water | G15: - | H15: - | I15: Y | J15: English
C16: Rare Holo | D16: 11/132 | E16: Rocket's Hitmonchan | F16: Fighting | G16: - | H16: - | I16: Y | J16: English
C17: Rare Holo | D17: 12/132 | E17: Rocket's Moltres | F17: Fire | G17: - | H17: - | I17: Y | J17: English
C18: Rare Holo | D18: 13/132 | E18: Rocket's Scyther | F18: Grass | G18: - | H18: - | I18: Y | J18: English
C19: Rare Holo | D19: 14/132 | E19: Sabrina's Gengar | F19: Psychic | G19: - | H19: - | J19: English
C20: Rare Holo | D20: 15/132 | E20: Brock | F20: T | G20: - | H20: - | I20: Y | J20: English
C21: Rare Holo | D21: 16/132 | E21: Erika | F21: T | G21: - | H21: - | I21: Y | J21: English
C22: Rare Holo | D22: 17/132 | E22: Lt. Surge | F22: T | G22: - | H22: - | I22: Y | J22: English
C23: Rare Holo | D23: 18/132 | E23: Misty | F23: T | G23: - | H23: - | I23: Y | J23: English
C24: Rare Holo | D24: 19/132 | E24: The Rocket's Trap | F24: T | G24: - | H24: - | I24: Y | J24: English
C25: Rare | D25: 20/132 | E25: Brock's Golem | F25: Fighting | G25: - | H25: - | I25: Y | J25: English
C26: Rare | D26: 21/132 | E26: Brock's Onix | F26: Fighting | G26: - | H26: - | I26: Y | J26: English
C27: Rare | D27: 22/132 | E27: Brock's Rhyhorn | F27: Fighting | G27: - | H27: - | I27: Y | J27: English
C28: Rare | D28: 23/132 | E28: Brock's Sandslash | F28: Fighting | G28: - | H28: - | I28: Y | J28: English
C29: Rare | D29: 24/132 | E29: Brock's Zubat | F29: Grass | G29: - | H29: - | I29: Y | J29: English
C30: Rare | D30: 25/132 | E30: Erika's Clefairy | F30: Colorless | G30: - | H30: - | I30: Y | J30: English
C31: Rare | D31: 26/132 | E31: Erika's Victreebel | F31: Grass | G31: - | H31: - | I31: Y | J31: English
... C103: Rare | D103: 98/132 | E103: Brock | F103: T | G103: - | H103: - | I103: Y | J103: English
B104: 1UW1H27001361 | C104: Rare | D104: 99/132 | E104: Charity | F104: T | G104: - | H104: - | I104: Y | J104: English
C105: Rare | D105: 100/132 | E105: Erika | F105: T | G105: - | H105: - | I105: Y | J105: English
C106: Rare | D106: 101/132 | E106: Lt. Surge | F106: T | G106: - | H106: - | I106: Y | J106: English
C107: Rare | D107: 102/132 | E107: Misty | F107: T | G107: - | H107: - | I107: Y | J107: English
C108: Rare | D108: 103/132 | E108: No Removal Gym | F108: T [St] | G108: - | H108: - | J108: English
C109: Rare | D109: 104/132 | E109: The Rocket's Training Gym | F109: T [St] | G109: - | H109: - | I109: Y | J109: English
C110: Uncommon | D110: 105/132 | E110: Blaine's Last Resort | F110: T | G110: - | H110: - | I110: Y | J110: English
C111: Uncommon | D111: 106/132 | E111: Brock's Training Method | F111: T | G111: - | H111: - | I111: Y | J111: English
C112: Uncommon | D112: 107/132 | E112: Celadon City Gym | F112: T [St] | G112: - | H112: - | I112: Y | J112: English
C113: Uncommon | D113: 108/132 | E113: Cerulean City Gym | F113: T [St] | G113: - | H113: - | I113: Y | J113: English
C114: Uncommon | D114: 109/132 | E114: Erika's Maids | F114: T | G114: - | H114: - | I114: Y | J114: English
C115: Uncommon | D115: 110/132 | E115: Erika's Perfume | F115: T | G115: - | H115: - | I115: Y | J115: English
C116: Uncommon | D116: 111/132 | E116: Good Manners | F116: T | G116: - | H116: - | I116: Y | J116: English
C117: Uncommon | D117: 112/132 | E117: Lt. Surge's Treaty | F117: T | G117: - | H117: - | I117: Y | J117: English
C118: Uncommon | D118: 113/132 | E118: Minion of Team Rocket | F118: T | G118: - | H118: - | J118: English
C119: Uncommon | D119: 114/132 | E119: Misty's Wrath | F119: T | G119: - | H119: - | I119: Y | J119: English
C120: Uncommon | D120: 115/132 | E120: Pewter City Gym | F120: T [St] | G120: - | H120: - | I120: Y | J120: English
C121: Uncommon | D121: 116/132 | E121: Recall | F121: T | G121: - | H121: - | I121: Y | J121: English
C122: Uncommon | D122: 117/132 | E122: Sabrina's ESP | F122: T | G122: - | H122: - | I122: Y | J122: English
C123: Uncommon | D123: 118/132 | E123: Secret Mission | F123: T | G123: - | H123: - | I123: Y | J123: English
C124: Uncommon | D124: 119/132 | E124: Tickling Machine | F124: T [R] | G124: - | H124: - | I124: Y | J124: English
C125: Uncommon | D125: 120/132 | E125: Vermilion City Gym | F125: T [St] | G125: - | H125: - | I125: Y | J125: English
C126: Common | D126: 121/132 | E126: Blaine's Gamble | F126: T | G126: - | H126: - | I126: Y | J126: English
C127: Common | D127: 122/132 | E127: Energy Flow | F127: T | G127: - | H127: - | I127: Y | J127: English
C128: Common | D128: 123/132 | E128: Misty's Duel | F128: T | G128: - | H128: - | I128: Y | J128: English
C129: Common | D129: 124/132 | E129: Narrow Gym | F129: T [St] | G129: - | H129: - | I129: Y | J129: English
C130: Common | D130: 125/132 | E130: Sabrina's Gaze | F130: T | G130: - | H130: - | I130: Y | J130: English
... C137: — | D137: 132/132 | E137: Water Energy | F137: Water E | G137: - | H137: - | I137: Y | J137: English

Sheet GYM_CHALLENGE
B2: HOME | C2: Link | D2: https://bulbapedia.bulbagarden.net/wiki/Gym_Challenge_(TCG)
C3: Card set name | D3: GYM CHALLENGE
C5: Rarity | D5: No. | E5: Card name | F5: Type | G5: Promotion | H5: Quantity | I5: yes/no | J5: Language | K5: 1st edition | L5: Stamped | M5: Reverse Holo | N5: Condition | O5: Estimated Value | P5: Notes
C6: Rare Holo | D6: 1/132 | E6: Blaine's Arcanine | F6: Fire | G6: - | H6: - | I6: Y | J6: English
C7: Rare Holo | D7: 2/132 | E7: Blaine's Charizard | F7: Fire | G7: - | H7: - | J7: English
C8: Rare Holo | D8: 3/132 | E8: Brock's Ninetales | F8: Fire | G8: - | H8: - | I8: Y | J8: English
C9: Rare Holo | D9: 4/132 | E9: Erika's Venusaur | F9: Grass | G9: - | H9: - | J9: English
C10: Rare Holo | D10: 5/132 | E10: Giovanni's Gyarados | F10: Water | G10: - | H10: - | J10: English
C11: Rare Holo | D11: 6/132 | E11: Giovanni's Machamp | F11: Fighting | G11: - | H11: - | I11: Y | J11: English
C12: Rare Holo | D12: 7/132 | E12: Giovanni's Nidoking | F12: Grass | G12: - | H12: - | J12: English
C13: Rare Holo | D13: 8/132 | E13: Giovanni's Persian | F13: Colorless | G13: - | H13: - | I13: Y | J13: English
C14: Rare Holo | D14: 9/132 | E14: Koga's Beedrill | F14: Grass | G14: - | H14: - | I14: Y | J14: English
C15: Rare Holo | D15: 10/132 | E15: Koga's Ditto | F15: Colorless | G15: - | H15: - | I15: Y | J15: English
C16: Rare Holo | D16: 11/132 | E16: Lt. Surge's Raichu | F16: Lightning | G16: - | H16: - | J16: English
C17: Rare Holo | D17: 12/132 | E17: Misty's Golduck | F17: Water | G17: - | H17: - | I17: Y | J17: English
C18: Rare Holo | D18: 13/132 | E18: Misty's Gyarados | F18: Water | G18: - | H18: - | J18: English
C19: Rare Holo | D19: 14/132 | E19: Rocket's Mewtwo | F19: Psychic | G19: - | H19: - | J19: English
C20: Rare Holo | D20: 15/132 | E20: Rocket's Zapdos | F20: Lightning | G20: - | H20: - | I20: Y | J20: English
C21: Rare Holo | D21: 16/132 | E21: Sabrina's Alakazam | F21: Psychic | G21: - | H21: - | J21: English
C22: Rare Holo | D22: 17/132 | E22: Blaine | F22: T | G22: - | H22: - | I22: Y | J22: English
C23: Rare Holo | D23: 18/132 | E23: Giovanni | F23: T | G23: - | H23: - | I23: Y | J23: English
C24: Rare Holo | D24: 19/132 | E24: Koga | F24: T | G24: - | H24: - | I24: Y | J24: English
C25: Rare Holo | D25: 20/132 | E25: Sabrina | F25: T | G25: - | H25: - | J25: English
C26: Rare | D26: 21/132 | E26: Blaine's Ninetales | F26: Fire | G26: - | H26: - | I26: Y | J26: English
C27: Rare | D27: 22/132 | E27: Brock's Dugtrio | F27: Fighting | G27: - | H27: - | I27: Y | J27: English
C28: Rare | D28: 23/132 | E28: Giovanni's Nidoqueen | F28: Grass | G28: - | H28: - | I28: Y | J28: English
C29: Rare | D29: 24/132 | E29: Giovanni's Pinsir | F29: Grass | G29: - | H29: - | I29: Y | J29: English
C30: Rare | D30: 25/132 | E30: Koga's Arbok | F30: Grass | G30: - | H30: - | I30: Y | J30: English
C31: Rare | D31: 26/132 | E31: Koga's Muk | F31: Grass | G31: - | H31: - | I31: Y | J31: English
C32: Rare | D32: 27/132 | E32: Koga's Pidgeotto | F32: Colorless | G32: - | H32: - | I32: Y | J32: English
C33: Rare | D33: 28/132 | E33: Lt. Surge's Jolteon | F33: Lightning | G33: - | H33: - | J33: English
C34: Rare | D34: 29/132 | E34: Sabrina's Gengar | F34: Psychic | G34: - | H34: - | I34: Y | J34: English
C35: Rare | D35: 30/132 | E35: Sabrina's Golduck | F35: Water | G35: - | H35: - | I35: Y | J35: English
C36: Uncommon | D36: 31/132 | E36: Blaine's Charmeleon | F36: Fire | G36: - | H36: - | I36: Y | J36: English
C37: Uncommon | D37: 32/132 | E37: Blaine's Dodrio | F37: Colorless | G37: - | H37: - | I37: Y | J37: English
C38: Uncommon | D38: 33/132 | E38: Blaine's Rapidash | F38: Fire | G38: - | H38: - | I38: Y | J38: English
C39: Uncommon | D39: 34/132 | E39: Brock's Graveler | F39: Fighting | G39: - | H39: - | I39: Y | J39: English
C40: Uncommon | D40: 35/132 | E40: Brock's Primeape | F40: Fighting | G40: - | H40: - | I40: Y | J40: English
C41: Uncommon | D41: 36/132 | E41: Brock's Sandslash | F41: Fighting | G41: - | H41: - | I41: Y | J41: English
C42: Uncommon | D42: 37/132 | E42: Brock's Vulpix | F42: Fire | G42: - | H42: - | J42: English
C43: Uncommon | D43: 38/132 | E43: Erika's Bellsprout | F43: Grass | G43: - | H43: - | I43: Y | J43: English
C44: Uncommon | D44: 39/132 | E44: Erika's Bulbasaur | F44: Grass | G44: - | H44: - | I44: Y | J44: English
C45: Uncommon | D45: 40/132 | E45: Erika's Clefairy | F45: Colorless | G45: - | H45: - | I45: Y | J45: English
C46: Uncommon | D46: 41/132 | E46: Erika's Ivysaur | F46: Grass | G46: - | H46: - | I46: Y | J46: English
C47: Uncommon | D47: 42/132 | E47: Giovanni's Machoke | F47: Fighting | G47: - | H47: - | I47: Y | J47: English
C48: Uncommon | D48: 43/132 | E48: Giovanni's Meowth | F48: Colorless | G48: - | H48: - | I48: Y | J48: English
C49: Uncommon | D49: 44/132 | E49: Giovanni's Nidorina | F49: Grass | G49: - | H49: - | I49: Y | J49: English
C50: Uncommon | D50: 45/132 | E50: Giovanni's Nidorino | F50: Grass | G50: - | H50: - | I50: Y | J50: English
C51: Uncommon | D51: 46/132 | E51: Koga's Golbat | F51: Grass | G51: - | H51: - | I51: Y | J51: English
C52: Uncommon | D52: 47/132 | E52: Koga's Kakuna | F52: Grass | G52: - | H52: - | I52: Y | J52: English
B53: 20083310160 | C53: Uncommon | D53: 48/132 | E53: Koga's Koffing | F53: Grass | G53: - | H53: - | I53: Y | J53: English
B54: 1UW1H27001361 | C54: Uncommon | D54: 49/132 | E54: Koga's Pidgey | F54: Colorless | G54: - | H54: - | I54: Y | J54: English
C55: Uncommon | D55: 50/132 | E55: Koga's Weezing | F55: Grass | G55: - | H55: - | I55: Y | J55: English
C56: Uncommon | D56: 51/132 | E56: Lt. Surge's Eevee | F56: Colorless | G56: - | H56: - | I56: Y | J56: English
C57: Uncommon | D57: 52/132 | E57: Lt. Surge's Electrode | F57: Lightning | G57: - | H57: - | I57: Y | J57: English
C58: Uncommon | D58: 53/132 | E58: Lt. Surge's Raticate | F58: Colorless | G58: - | H58: - | I58: Y | J58: English
B59: 1UW1H27001361 | C59: Uncommon | D59: 54/132 | E59: Misty's Dewgong | F59: Water | G59: - | H59: - | I59: Y | J59: English
B60: 1UW1H27001361 | C60: Uncommon | D60: 55/132 | E60: Sabrina's Haunter | F60: Psychic | G60: - | H60: - | I60: Y | J60: English
C61: Uncommon | D61: 56/132 | E61: Sabrina's Hypno | F61: Psychic | G61: - | H61: - | J61: English
C62: Uncommon | D62: 57/132 | E62: Sabrina's Jynx | F62: Psychic | G62: - | H62: - | I62: Y | J62: English
C63: Uncommon | D63: 58/132 | E63: Sabrina's Kadabra | F63: Psychic | G63: - | H63: - | I63: Y | J63: English
C64: Uncommon | D64: 59/132 | E64: Sabrina's Mr. Mime | F64: Psychic | G64: - | H64: - | I64: Y | J64: English
C65: Common | D65: 60/132 | E65: Blaine's Charmander | F65: Fire | G65: - | H65: - | I65: Y | J65: English
C66: Common | D66: 61/132 | E66: Blaine's Doduo | F66: Colorless | G66: - | H66: - | I66: Y | J66: English
C67: Common | D67: 62/132 | E67: Blaine's Growlithe | F67: Fire | G67: - | H67: - | I67: Y | J67: English
C68: Common | D68: 63/132 | E68: Blaine's Mankey | F68: Fighting | G68: - | H68: - | I68: Y | J68: English
C69: Common | D69: 64/132 | E69: Blaine's Ponyta | F69: Fire | G69: - | H69: - | I69: Y | J69: English
C70: Common | D70: 65/132 | E70: Blaine's Rhyhorn | F70: Fighting | G70: - | H70: - | I70: Y | J70: English
C71: Common | D71: 66/132 | E71: Blaine's Vulpix | F71: Fire | G71: - | H71: - | I71: Y | J71: English
C72: Common | D72: 67/132 | E72: Brock's Diglett | F72: Fighting | G72: - | H72: - | I72: Y | J72: English
C73: Common | D73: 68/132 | E73: Brock's Geodude | F73: Fighting | G73: - | H73: - | I73: Y | J73: English
... C94: Common | D94: 89/132 | E94: Misty's Poliwag | F94: Water | G94: - | H94: - | I94: Y | J94: English
B95: 1UW1H27001361 | C95: Common | D95: 90/132 | E95: Misty's Psyduck | F95: Water | G95: - | H95: - | I95: Y | J95: English
C96: Common | D96: 91/132 | E96: Misty's Seel | F96: Water | G96: - | H96: - | I96: Y | J96: English
C97: Common | D97: 92/132 | E97: Misty's Staryu | F97: Water | G97: - | H97: - | I97: Y | J97: English
C98: Common | D98: 93/132 | E98: Sabrina's Abra | F98: Psychic | G98: - | H98: - | I98: Y | J98: English
C99: Common | D99: 94/132 | E99: Sabrina's Abra | F99: Psychic | G99: - | H99: - | I99: Y | J99: English
C100: Common | D100: 95/132 | E100: Sabrina's Drowzee | F100: Psychic | G100: - | H100: - | I100: Y | J100: English
C101: Common | D101: 96/132 | E101: Sabrina's Gastly | F101: Psychic | G101: - | H101: - | I101: Y | J101: English
C102: Common | D102: 97/132 | E102: Sabrina's Gastly | F102: Psychic | G102: - | H102: - | I102: Y | J102: English
C103: Common | D103: 98/132 | E103: Sabrina's Porygon | F103: Colorless | G103: - | H103: - | I103: Y | J103: English
C104: Common | D104: 99/132 | E104: Sabrina's Psyduck | F104: Water | G104: - | H104: - | I104: Y | J104: English
C105: Rare | D105: 100/132 | E105: Blaine | F105: T | G105: - | H105: - | J105: English
C106: Rare | D106: 101/132 | E106: Brock's Protection | F106: T | G106: - | H106: - | J106: English
C107: Rare | D107: 102/132 | E107: Chaos Gym | F107: T [St] | G107: - | H107: - | J107: English
C108: Rare | D108: 103/132 | E108: Erika's Kindness | F108: T | G108: - | H108: - | I108: Y | J108: English
C109: Rare | D109: 104/132 | E109: Giovanni | F109: T | G109: - | H109: - | I109: Y | J109: English
C110: Rare | D110: 105/132 | E110: Giovanni's Last Resort | F110: T | G110: - | H110: - | J110: English
C111: Rare | D111: 106/132 | E111: Koga | F111: T | G111: - | H111: - | I111: Y | J111: English
C112: Rare | D112: 107/132 | E112: Lt. Surge's Secret Plan | F112: T | G112: - | H112: - | I112: Y | J112: English
C113: Rare | D113: 108/132 | E113: Misty's Wish | F113: T | G113: - | H113: - | I113: Y | J113: English
C114: Rare | D114: 109/132 | E114: Resistance Gym | F114: T [St] | G114: - | H114: - | I114: Y | J114: English
C115: Rare | D115: 110/132 | E115: Sabrina | F115: T | G115: - | H115: - | I115: Y | J115: English
C116: Uncommon | D116: 111/132 | E116: Blaine's Quiz #2 | F116: T | G116: - | H116: - | J116: English
C117: Uncommon | D117: 112/132 | E117: Blaine's Quiz #3 | F117: T | G117: - | H117: - | I117: Y | J117: English
C118: Uncommon | D118: 113/132 | E118: Cinnabar City Gym | F118: T [St] | G118: - | H118: - | I118: Y | J118: English
C119: Uncommon | D119: 114/132 | E119: Fuchsia City Gym | F119: T [St] | G119: - | H119: - | I119: Y | J119: English
C120: Uncommon | D120: 115/132 | E120: Koga's Ninja Trick | F120: T | G120: - | H120: - | I120: Y | J120: English
C121: Uncommon | D121: 116/132 | E121: Master Ball | F121: T | G121: - | H121: - | I121: Y | J121: English
C122: Uncommon | D122: 117/132 | E122: Max Revive | F122: T | G122: - | H122: - | J122: English
...

Sheet NEO_GENESIS
B2: HOME | C2: Link | D2: https://bulbapedia.bulbagarden.net/wiki/Neo_Genesis_(TCG)
C3: Card set name | D3: NEO GENESIS
C5: Rarity | D5: No. | E5: Card name | F5: Type | G5: Promotion | H5: Quantity | I5: yes/no | J5: Language | K5: 1st edition | L5: Stamped | M5: Reverse Holo | N5: Condition | O5: Estimated Value | P5: Notes
C6: Rare Holo | D6: 1/111 | E6: Ampharos | F6: Lightning | G6: - | H6: - | I6: Y
C7: Rare Holo | D7: 2/111 | E7: Azumarill | F7: Water | G7: - | H7: - | I7: Y
C8: Rare Holo | D8: 3/111 | E8: Bellossom | F8: Grass | G8: - | H8: - | I8: Y
C9: Rare Holo | D9: 4/111 | E9: Feraligatr | F9: Water | G9: - | H9: -
C10: Rare Holo | D10: 5/111 | E10: Feraligatr | F10: Water | G10: - | H10: - | I10: Y
C11: Rare Holo | D11: 6/111 | E11: Heracross | F11: Grass | G11: - | H11: - | I11: Y
C12: Rare Holo | D12: 7/111 | E12: Jumpluff | F12: Grass | G12: - | H12: - | I12: Y
C13: Rare Holo | D13: 8/111 | E13: Kingdra | F13: Water | G13: - | H13: - | I13: Y
C14: Rare Holo | D14: 9/111 | E14: Lugia | F14: Colorless | G14: - | H14: -
C15: Rare Holo | D15: 10/111 | E15: Meganium | F15: Grass | G15: - | H15: - | I15: Y
C16: Rare Holo | D16: 11/111 | E16: Meganium | F16: Grass | G16: - | H16: - | I16: Y
C17: Rare Holo | D17: 12/111 | E17: Pichu | F17: Lightning | G17: - | H17: - | I17: Y
C18: Rare Holo | D18: 13/111 | E18: Skarmory | F18: Metal | G18: - | H18: - | I18: Y
C19: Rare Holo | D19: 14/111 | E19: Slowking | F19: Psychic | G19: - | H19: - | I19: Y
C20: Rare Holo | D20: 15/111 | E20: Steelix | F20: Metal | G20: - | H20: - | I20: Y
C21: Rare Holo | D21: 16/111 | E21: Togetic | F21: Colorless | G21: - | H21: - | I21: Y
C22: Rare Holo | D22: 17/111 | E22: Typhlosion | F22: Fire | G22: - | H22: - | I22: Y
C23: Rare Holo | D23: 18/111 | E23: Typhlosion | F23: Fire | G23: - | H23: - | I23: Y
C24: Rare Holo | D24: 19/111 | E24: Metal Energy | F24: Metal E | G24: - | H24: - | I24: Y
C25: Rare | D25: 20/111 | E25: Cleffa | F25: Colorless | G25: - | H25: - | I25: Y
C26: Rare | D26: 21/111 | E26: Donphan | F26: Fighting | G26: - | H26: - | I26: Y
... C116: — | D116: 111/111 | E116: Water Energy | F116: Water E | G116: - | H116: - | I116: Y

Sheet NEO_DISCOVERY
B2: HOME | C2: Link | D2: https://bulbapedia.bulbagarden.net/wiki/Neo_Discovery_(TCG)
C3: Card set name | D3: NEO DISCOVERY
C5: Rarity | D5: No. | E5: Card name | F5: Type | G5: Promotion | H5: Quantity | I5: yes/no | J5: Language | K5: 1st edition | L5: Stamped | M5: Reverse Holo | N5: Condition | O5: Estimated Value | P5: Notes
C6: Rare Holo | D6: 1/75 | E6: Espeon | F6: Psychic | G6: - | H6: - | I6: Y
C7: Rare Holo | D7: 2/75 | E7: Forretress | F7: Metal | G7: - | H7: -
C8: Rare Holo | D8: 3/75 | E8: Hitmontop | F8: Fighting | G8: - | H8: - | I8: Y
C9: Rare Holo | D9: 4/75 | E9: Houndoom | F9: Darkness | G9: - | H9: -
C10: Rare Holo | D10: 5/75 | E10: Houndour | F10: Fire | G10: - | H10: -
C11: Rare Holo | D11: 6/75 | E11: Kabutops | F11: Water | G11: - | H11: -
C12: Rare Holo | D12: 7/75 | E12: Magnemite | F12: Metal | G12: - | H12: -
C13: Rare Holo | D13: 8/75 | E13: Politoed | F13: Water | G13: - | H13: -
C14: Rare Holo | D14: 9/75 | E14: Poliwrath | F14: Fighting | G14: - | H14: -
C15: Rare Holo | D15: 10/75 | E15: Scizor | F15: Metal | G15: - | H15: - | I15: Y
C16: Rare Holo | D16: 11/75 | E16: Smeargle | F16: Colorless | G16: - | H16: -
C17: Rare Holo | D17: 12/75 | E17: Tyranitar | F17: Darkness | G17: - | H17: - | I17: Y
C18: Rare Holo | D18: 13/75 | E18: Umbreon | F18: Darkness | G18: - | H18: -
C19: Rare Holo | D19: 14/75 | E19: Unown A | F19: Psychic | G19: - | H19: - | I19: Y
C20: Rare Holo | D20: 15/75 | E20: Ursaring | F20: Colorless | G20: - | H20: - | I20: Y
C21: Rare Holo | D21: 16/75 | E21: Wobbuffet | F21: Psychic | G21: - | H21: -
C22: Rare Holo | D22: 17/75 | E22: Yanma | F22: Grass | G22: - | H22: -
C23: Rare | D23: 18/75 | E23: Beedrill | F23: Grass | G23: - | H23: - | I23: Y
C24: Rare | D24: 19/75 | E24: Butterfree | F24: Grass | G24: - | H24: - | I24: Y
C25: Rare | D25: 20/75 | E25: Espeon | F25: Psychic | G25: - | H25: - | I25: Y
C26: Rare | D26: 21/75 | E26: Forretress | F26: Metal | G26: - | H26: - | I26: Y
C27: Rare | D27: 22/75 | E27: Hitmontop | F27: Fighting | G27: - | H27: - | I27: Y
C28: Rare | D28: 23/75 | E28: Houndoom | F28: Darkness | G28: - | H28: - | I28: Y
C29: Rare | D29: 24/75 | E29: Houndour | F29: Fire | G29: - | H29: - | I29: Y
C30: Rare | D30: 25/75 | E30: Kabutops | F30: Water | G30: - | H30: - | I30: Y
C31: Rare | D31: 26/75 | E31: Magnemite | F31: Metal | G31: - | H31: - | I31: Y
C32: Rare | D32: 27/75 | E32: Politoed | F32: Water | G32: - | H32: - | I32: Y
C33: Rare | D33: 28/75 | E33: Poliwrath | F33: Fighting | G33: - | H33: - | I33: Y
C34: Rare | D34: 29/75 | E34: Scizor | F34: Metal | G34: - | H34: - | I34: Y
... C38: Rare | D38: 33/75 | E38: Unown A | F38: Psychic | G38: - | H38: - | I38: Y
B39: 1UW1H27001361 | C39: Rare | D39: 34/75 | E39: Ursaring | F39: Colorless | G39: - | H39: - | I39: Y
C40: Rare | D40: 35/75 | E40: Wobbuffet | F40: Psychic | G40: - | H40: - | I40: Y
B41: 1UW1H27001361 | C41: Rare | D41: 36/75 | E41: Yanma | F41: Grass | G41: - | H41: - | I41: Y
C42: Uncommon | D42: 37/75 | E42: Corsola | F42: Water | G42: - | H42: - | I42: Y
C43: Uncommon | D43: 38/75 | E43: Eevee | F43: Colorless | G43: - | H43: - | I43: Y
C44: Uncommon | D44: 39/75 | E44: Houndour | F44: Darkness | G44: - | H44: - | I44: Y
C45: Uncommon | D45: 40/75 | E45: Igglybuff | F45: Colorless | G45: - | H45: - | I45: Y
C46: Uncommon | D46: 41/75 | E46: Kakuna | F46: Grass | G46: - | H46: - | I46: Y
C47: Uncommon | D47: 42/75 | E47: Metapod | F47: Grass | G47: - | H47: - | I47: Y
C48: Uncommon | D48: 43/75 | E48: Omastar | F48: Fighting | G48: - | H48: - | I48: Y
C49: Uncommon | D49: 44/75 | E49: Poliwhirl | F49: Water | G49: - | H49: - | I49: Y
C50: Uncommon | D50: 45/75 | E50: Pupitar | F50: Fighting | G50: - | H50: - | I50: Y
C51: Uncommon | D51: 46/75 | E51: Scyther | F51: Grass | G51: - | H51: - | I51: Y
C52: Uncommon | D52: 47/75 | E52: Unown D | F52: Psychic | G52: - | H52: - | I52: Y
C53: Uncommon | D53: 48/75 | E53: Unown F | F53: Psychic | G53: - | H53: - | I53: Y
... C80: Common | D80: 75/75 | E80: Energy Ark | F80: T | G80: - | H80: - | I80: Y

Sheet NEO_REVELATION
B2: HOME | C2: Link | D2: https://bulbapedia.bulbagarden.net/wiki/Neo_Revelation_(TCG)
C3: Card set name | D3: NEO REVELATION
C5: Rarity | D5: No. | E5: Card name | F5: Type | G5: Promotion | H5: Quantity | I5: yes/no | J5: Language | K5: 1st edition | L5: Stamped | M5: Reverse Holo | N5: Condition | O5: Estimated Value | P5: Notes
C6: Rare Holo | D6: 1/64 | E6: Ampharos | F6: Lightning | G6: - | H6: -
C7: Rare Holo | D7: 2/64 | E7: Blissey | F7: Colorless | G7: - | H7: -
C8: Rare Holo | D8: 3/64 | E8: Celebi | F8: Psychic | G8: - | H8: -
C9: Rare Holo | D9: 4/64 | E9: Crobat | F9: Grass | G9: - | H9: -
C10: Rare Holo | D10: 5/64 | E10: Delibird | F10: Colorless | G10: - | H10: -
C11: Rare Holo | D11: 6/64 | E11: Entei | F11: Fire | G11: - | H11: -
C12: Rare Holo | D12: 7/64 | E12: Ho-Oh | F12: Fire | G12: - | H12: -
C13: Rare Holo | D13: 8/64 | E13: Houndoom | F13: Darkness | G13: - | H13: -
C14: Rare Holo | D14: 9/64 | E14: Jumpluff | F14: Grass | G14: - | H14: -
C15: Rare Holo | D15: 10/64 | E15: Magneton | F15: Metal | G15: - | H15: -
C16: Rare Holo | D16: 11/64 | E16: Misdreavus | F16: Psychic | G16: - | H16: -
C17: Rare Holo | D17: 12/64 | E17: Porygon2 | F17: Colorless | G17: - | H17: - | I17: Y
C18: Rare Holo | D18: 13/64 | E18: Raikou | F18: Lightning | G18: - | H18: - | I18: Y
C19: Rare Holo | D19: 14/64 | E19: Suicune | F19: Water | G19: - | H19: -
C20: Rare | D20: 15/64 | E20: Aerodactyl | F20: Fighting | G20: - | H20: - | I20: Y
C21: Rare | D21: 16/64 | E21: Celebi | F21: Grass | G21: - | H21: - | I21: Y
C22: Rare | D22: 17/64 | E22: Entei | F22: Fire | G22: - | H22: -
C23: Rare | D23: 18/64 | E23: Ho-Oh | F23: Colorless | G23: - | H23: - | I23: Y
C24: Rare | D24: 19/64 | E24: Kingdra | F24: Water | G24: - | H24: - | I24: Y
C25: Rare | D25: 20/64 | E25: Lugia | F25: Psychic | G25: - | H25: - | I25: Y
C26: Rare | D26: 21/64 | E26: Raichu | F26: Lightning | G26: - | H26: - | I26: Y
C27: Rare | D27: 22/64 | E27: Raikou | F27: Lightning | G27: - | H27: - | I27: Y
C28: Rare | D28: 23/64 | E28: Skarmory | F28: Metal | G28: - | H28: - | I28: Y
C29: Rare | D29: 24/64 | E29: Sneasel | F29: Darkness | G29: - | H29: - | I29: Y
C30: Rare | D30: 25/64 | E30: Starmie | F30: Psychic | G30: - | H30: - | I30: Y
C31: Rare | D31: 26/64 | E31: Sudowoodo | F31: Fighting | G31: - | H31: - | I31: Y
C32: Rare | D32: 27/64 | E32: Suicune | F32: Water | G32: - | H32: - | I32: Y
C33: Uncommon | D33: 28/64 | E33: Flaaffy | F33: Lightning | G33: - | H33: - | I33: Y
C34: Uncommon | D34: 29/64 | E34: Golbat | F34: Grass | G34: - | H34: - | I34: Y
... C69: Common | D69: 64/64 | E69: Old Rod | F69: T | G69: - | H69: - | I69: Y
C70: SuperRare Holo | D70: 65/64 | E70: Shining Gyarados | F70: Water | G70: - | H70: -
C71: SuperRare Holo | D71: 66/64 | E71: Shining Magikarp | F71: Water | G71: - | H71: -

Sheet NEO_DESTINY
B2: HOME | C2: Link | D2: https://bulbapedia.bulbagarden.net/wiki/Neo_Destiny_(TCG)
C3: Card set name | D3: NEO DESTINY
C5: Rarity | D5: No. | E5: Card name | F5: Type | G5: Promotion | H5: Quantity | I5: yes/no | J5: Language | K5: 1st edition | L5: Stamped | M5: Reverse Holo | N5: Condition | O5: Estimated Value | P5: Notes
C6: Rare Holo | D6: 1/105 | E6: Dark Ampharos | F6: Lightning | G6: - | H6: -
C7: Rare Holo | D7: 2/105 | E7: Dark Crobat | F7: Grass | G7: - | H7: -
C8: Rare Holo | D8: 3/105 | E8: Dark Donphan | F8: Fighting | G8: - | H8: -
C9: Rare Holo | D9: 4/105 | E9: Dark Espeon | F9: Psychic | G9: - | H9: -
C10: Rare Holo | D10: 5/105 | E10: Dark Feraligatr | F10: Water | G10: - | H10: -
C11: Rare Holo | D11: 6/105 | E11: Dark Gengar | F11: Psychic | G11: - | H11: -
C12: Rare Holo | D12: 7/105 | E12: Dark Houndoom | F12: Fire | G12: - | H12: -
C13: Rare Holo | D13: 8/105 | E13: Dark Porygon2 | F13: Colorless | G13: - | H13: -
C14: Rare Holo | D14: 9/105 | E14: Dark Scizor | F14: Metal | G14: - | H14: -
C15: Rare Holo | D15: 10/105 | E15: Dark Typhlosion | F15: Fire | G15: - | H15: -
C16: Rare Holo | D16: 11/105 | E16: Dark Tyranitar | F16: Fighting | G16: - | H16: -
C17: Rare Holo | D17: 12/105 | E17: Light Arcanine | F17: Fire | G17: - | H17: -
C18: Rare Holo | D18: 13/105 | E18: Light Azumarill | F18: Water | G18: - | H18: - | I18: Y
C19: Rare Holo | D19: 14/105 | E19: Light Dragonite | F19: Colorless | G19: - | H19: -
C20: Rare Holo | D20: 15/105 | E20: Light Togetic | F20: Colorless | G20: - | H20: -
C21: Rare Holo | D21: 16/105 | E21: Miracle Energy | F21: Rainbow E | G21: - | H21: -
C22: Rare | D22: 17/105 | E22: Dark Ariados | F22: Grass | G22: - | H22: - | I22: Y
B23: 1UW1H27001361 | C23: Rare | D23: 18/105 | E23: Dark Magcargo | F23: Fire | G23: - | H23: - | I23: Y
C24: Rare | D24: 19/105 | E24: Dark Omastar | F24: Water | G24: - | H24: - | I24: Y
C25: Rare | D25: 20/105 | E25: Dark Slowking | F25: Psychic | G25: - | H25: -
C26: Rare | D26: 21/105 | E26: Dark Ursaring | F26: Colorless | G26: - | H26: - | I26: Y
C27: Rare | D27: 22/105 | E27: Light Dragonair | F27: Colorless | G27: - | H27: -
C28: Rare | D28: 23/105 | E28: Light Lanturn | F28: Lightning | G28: - | H28: - | I28: Y
C29: Rare | D29: 24/105 | E29: Light Ledian | F29: Grass | G29: - | H29: -
C30: Rare | D30: 25/105 | E30: Light Machamp | F30: Fighting | G30: - | H30: - | I30: Y
C31: Rare | D31: 26/105 | E31: Light Piloswine | F31: Water | G31: - | H31: -
C32: Rare | D32: 27/105 | E32: Unown G | F32: Psychic | G32: - | H32: -
C33: Rare | D33: 28/105 | E33: Unown H | F33: Psychic | G33: - | H33: -
C34: Rare | D34: 29/105 | E34: Unown W | F34: Psychic | G34: - | H34: -
C35: Rare | D35: 30/105 | E35: Unown X | F35: Psychic | G35: - | H35: - | I35: Y
C36: Uncommon | D36: 31/105 | E36: Chansey | F36: Colorless | G36: - | H36: -
C37: Uncommon | D37: 32/105 | E37: Dark Croconaw | F37: Water | G37: - | H37: -
B38: 1UW1H27001361 | C38: Uncommon | D38: 33/105 | E38: Dark Exeggutor | F38: Psychic | G38: - | H38: - | I38: Y
C39: Uncommon | D39: 34/105 | E39: Dark Flaaffy | F39: Lightning | G39: - | H39: - | I39: Y
C40: Uncommon | D40: 35/105 | E40: Dark Forretress | F40: Grass | G40: - | H40: - | I40: Y
C41: Uncommon | D41: 36/105 | E41: Dark Haunter | F41: Psychic | G41: - | H41: - | I41: Y
C42: Uncommon | D42: 37/105 | E42: Dark Omanyte | F42: Water | G42: - | H42: - | I42: Y
C43: Uncommon | D43: 38/105 | E43: Dark Pupitar | F43: Fighting | G43: - | H43: - | I43: Y
C44: Uncommon | D44: 39/105 | E44: Dark Quilava | F44: Fire | G44: - | H44: -
C45: Uncommon | D45: 40/105 | E45: Dark Wigglytuff | F45: Colorless | G45: - | H45: - | I45: Y
C46: Uncommon | D46: 41/105 | E46: Heracross | F46: Grass | G46: - | H46: - | I46: Y
C47: Uncommon | D47: 42/105 | E47: Hitmonlee | F47: Fighting | G47: - | H47: - | I47: Y
C48: Uncommon | D48: 43/105 | E48: Houndour | F48: Darkness | G48: - | H48: - | I48: Y
C49: Uncommon | D49: 44/105 | E49: Jigglypuff | F49: Colorless | G49: - | H49: - | I49: Y
C50: Uncommon | D50: 45/105 | E50: Light Dewgong | F50: Water | G50: - | H50: - | I50: Y
C51: Uncommon | D51: 46/105 | E51: Light Flareon | F51: Fire | G51: - | H51: -
C52: Uncommon | D52: 47/105 | E52: Light Golduck | F52: Water | G52: - | H52: - | I52: Y
C53: Uncommon | D53: 48/105 | E53: Light Jolteon | F53: Lightning | G53: - | H53: -
C54: Uncommon | D54: 49/105 | E54: Light Machoke | F54: Fighting | G54: - | H54: - | I54: Y
B55: 1UW1H27001361 | C55: Uncommon | D55: 50/105 | E55: Light Ninetales | F55: Fire | G55: - | H55: - | I55: Y
C56: Uncommon | D56: 51/105 | E56: Light Slowbro | F56: Psychic | G56: - | H56: - | I56: Y
C57: Uncommon | D57: 52/105 | E57: Light Vaporeon | F57: Water | G57: - | H57: - | I57: Y
C58: Uncommon | D58: 53/105 | E58: Light Venomoth | F58: Grass | G58: - | H58: - | I58: Y
C59: Uncommon | D59: 54/105 | E59: Light Wigglytuff | F59: Colorless | G59: - | H59: - | I59: Y
C60: Uncommon | D60: 55/105 | E60: Scyther | F60: Grass | G60: - | H60: - | I60: Y
C61: Uncommon | D61: 56/105 | E61: Togepi | F61: Colorless | G61: - | H61: -
C62: Uncommon | D62: 57/105 | E62: Unown C | F62: Psychic | G62: - | H62: - | I62: Y
C63: Uncommon | D63: 58/105 | E63: Unown P | F63: Psychic | G63: - | H63: - | I63: Y
C64: Uncommon | D64: 59/105 | E64: Unown Q | F64: Psychic | G64: - | H64: - | I64: Y
C65: Uncommon | D65: 60/105 | E65: Unown Z | F65: Psychic | G65: - | H65: -
C66: Common | D66: 61/105 | E66: Cyndaquil | F66: Fire | G66: - | H66: - | I66: Y
C67: Common | D67: 62/105 | E67: Dark Octillery | F67: Water | G67: - | H67: - | I67: Y
C68: Common | D68: 63/105 | E68: Dratini | F68: Colorless | G68: - | H68: - | I68: Y
C69: Common | D69: 64/105 | E69: Exeggcute | F69: Psychic | G69: - | H69: - | I69: Y
C70: Common | D70: 65/105 | E70: Gastly | F70: Psychic | G70: - | H70: - | I70: Y
C71: Common | D71: 66/105 | E71: Girafarig | F71: Colorless | G71: - | H71: - | I71: Y
C72: Common | D72: 67/105 | E72: Gligar | F72: Fighting | G72: - | H72: - | I72: Y
C73: Common | D73: 68/105 | E73: Growlithe | F73: Fire | G73: - | H73: - | I73: Y
C74: Common | D74: 69/105 | E74: Hitmonchan | F74: Fighting | G74: - | H74: - | I74: Y
C75: Common | D75: 70/105 | E75: Larvitar | F75: Fighting | G75: - | H75: - | I75: Y
B76: 1UW1H27001361 | C76: Common | D76: 71/105 | E76: Ledyba | F76: Grass | G76: - | H76: - | I76: Y
C77: Common | D77: 72/105 | E77: Light Sunflora | F77: Grass | G77: - | H77: - | I77: Y
C78: Common | D78: 73/105 | E78: Machop | F78: Fighting | G78: - | H78: - | I78: Y
C79: Common | D79: 74/105 | E79: Mantine | F79: Water | G79: - | H79: - | I79: Y
C80: Common | D80: 75/105 | E80: Mareep | F80: Lightning | G80: - | H80: - | I80: Y
C81: Common | D81: 76/105 | E81: Phanpy | F81: Fighting | G81: - | H81: - | I81: Y
C82: Common | D82: 77/105 | E82: Pineco | F82: Grass | G82: - | H82: - | I82: Y
C83: Common | D83: 78/105 | E83: Porygon | F83: Colorless | G83: - | H83: - | I83: Y
C84: Common | D84: 79/105 | E84: Psyduck | F84: Water | G84: - | H84: - | I84: Y
C85: Common | D85: 80/105 | E85: Remoraid | F85: Water | G85: - | H85: - | I85: Y
C86: Common | D86: 81/105 | E86: Seel | F86: Water | G86: - | H86: - | I86: Y
C87: Common | D87: 82/105 | E87: Slugma | F87: Fire | G87: - | H87: - | I87: Y
C88: Common | D88: 83/105 | E88: Sunkern | F88: Grass | G88: - | H88: - | I88: Y
... C96: Common | D96: 91/105 | E96: Vulpix | F96: Fire | G96: - | H96: - | I96: Y
C97: Rare | D97: 92/105 | E97: Broken Ground Gym | F97: T [St] | G97: - | H97: -
C98: Rare | D98: 93/105 | E98: EXP.ALL | F98: T [PT] | G98: - | H98: - | I98: Y
C99: Rare | D99: 94/105 | E99: Impostor Professor Oak's Invention | F99: T | G99: - | H99: - | I99: Y
C100: Rare | D100: 95/105 | E100: Radio Tower | F100: T [St] | G100: - | H100: - | I100: Y
C101: Rare | D101: 96/105 | E101: Thought Wave Machine | F101: T [R] | G101: - | H101: - | I101: Y
C102: Uncommon | D102: 97/105 | E102: Counterattack Claws | F102: T [PT] | G102: - | H102: - | I102: Y
B103: 1UW1H27001361 | C103: Uncommon | D103: 98/105 | E103: Energy Amplifier | F103: T | G103: - | H103: - | I103: Y
C104: Uncommon | D104: 99/105 | E104: Energy Stadium | F104: T [St] | G104: - | H104: - | I104: Y
C105: Uncommon | D105: 100/105 | E105: Lucky Stadium | F105: T [St] | G105: - | H105: - | I105: Y
C106: Uncommon | D106: 101/105 | E106: Magnifier | F106: T | G106: - | H106: - | I106: Y
C107: Uncommon | D107: 102/105 | E107: Pokémon Personality Test | F107: T | G107: - | H107: -
B108: 1UW1H27001361 | C108: Uncommon | D108: 103/105 | E108: Team Rocket's Evil Deeds | F108: T | G108: - | H108: - | I108: Y
C109: Common | D109: 104/105 | E109: Heal Powder | F109: T | G109: - | H109: - | I109: Y
...

Sheet LEGENDARY_COLLECTION
B2: HOME | C2: Link | D2: https://bulbapedia.bulbagarden.net/wiki/Legendary_Collection_(TCG)
C3: Card set name | D3: LEGENDARY COLLECTION
C5: Rarity | D5: No. | E5: Card name | F5: Type | G5: Promotion | H5: Quantity | I5: yes/no | J5: Language | K5: 1st edition | L5: Stamped | M5: Reverse Holo | N5: Condition | O5: Estimated Value | P5: Notes
C6: Rare Holo | D6: 1/110 | E6: Alakazam | F6: Psychic | G6: - | H6: -
C7: Rare Holo | D7: 2/110 | E7: Articuno | F7: Water | G7: - | H7: -
C8: Rare Holo | D8: 3/110 | E8: Charizard | F8: Fire | G8: - | H8: -
C9: Rare Holo | D9: 4/110 | E9: Dark Blastoise | F9: Water | G9: - | H9: -
C10: Rare Holo | D10: 5/110 | E10: Dark Dragonite | F10: Colorless | G10: - | H10: -
C11: Rare Holo | D11: 6/110 | E11: Dark Persian | F11: Colorless | G11: - | H11: -
C12: Rare Holo | D12: 7/110 | E12: Dark Raichu | F12: Lightning | G12: - | H12: -
C13: Rare Holo | D13: 8/110 | E13: Dark Slowbro | F13: Psychic | G13: - | H13: -
C14: Rare Holo | D14: 9/110 | E14: Dark Vaporeon | F14: Water | G14: - | H14: -
C15: Rare Holo | D15: 10/110 | E15: Flareon | F15: Fire | G15: - | H15: -
C16: Rare Holo | D16: 11/110 | E16: Gengar | F16: Psychic | G16: - | H16: -
C17: Rare Holo | D17: 12/110 | E17: Gyarados | F17: Water | G17: - | H17: -
... C27: Rare | D27: 22/110 | E27: Electrode | F27: Lightning | G27: - | H27: -
C28: Rare | D28: 23/110 | E28: Exeggutor | F28: Grass | G28: - | H28: - | I28: Y
C29: Rare | D29: 24/110 | E29: Golem | F29: Fighting | G29: - | H29: - | I29: Y
C30: Rare | D30: 25/110 | E30: Hypno | F30: Psychic | G30: - | H30: -
C31: Rare | D31: 26/110 | E31: Jynx | F31: Psychic | G31: - | H31: -
C32: Rare | D32: 27/110 | E32: Kabutops | F32: Fighting | G32: - | H32: -
C33: Rare | D33: 28/110 | E33: Magneton | F33: Lightning | G33: - | H33: -
C34: Rare | D34: 29/110 | E34: Mewtwo | F34: Psychic | G34: - | H34: -
B35: 1UW1H27001361 | C35: Rare | D35: 30/110 | E35: Moltres | F35: Fire | G35: - | H35: - | I35: Y
B36: 1UW1H27001361 | C36: Rare | D36: 31/110 | E36: Nidoking | F36: Grass | G36: - | H36: - | I36: Y
C37: Rare | D37: 32/110 | E37: Nidoqueen | F37: Grass | G37: - | H37: - | I37: Y
C38: Rare | D38: 33/110 | E38: Pidgeot | F38: Colorless | G38: - | H38: -
C39: Rare | D39: 34/110 | E39: Pidgeotto | F39: Colorless | G39: - | H39: -
C40: Rare | D40: 35/110 | E40: Rhydon | F40: Fighting | G40: - | H40: -
C41: Uncommon | D41: 36/110 | E41: Arcanine | F41: Fire | G41: - | H41: - | I41: Y
C42: Uncommon | D42: 37/110 | E42: Charmeleon | F42: Fire | G42: - | H42: - | I42: Y
C43: Uncommon | D43: 38/110 | E43: Dark Dragonair | F43: Colorless | G43: - | H43: - | I43: Y
C44: Uncommon | D44: 39/110 | E44: Dark Wartortle | F44: Water | G44: - | H44: -
C45: Uncommon | D45: 40/110 | E45: Dewgong | F45: Water | G45: - | H45: -
C46: Uncommon | D46: 41/110 | E46: Dodrio | F46: Colorless | G46: - | H46: - | I46: Y
C47: Uncommon | D47: 42/110 | E47: Fearow | F47: Colorless | G47: - | H47: -
C48: Uncommon | D48: 43/110 | E48: Golduck | F48: Water | G48: - | H48: -
C49: Uncommon | D49: 44/110 | E49: Graveler | F49: Fighting | G49: - | H49: - | I49: Y
C50: Uncommon | D50: 45/110 | E50: Growlithe | F50: Fire | G50: - | H50: -
C51: Uncommon | D51: 46/110 | E51: Haunter | F51: Psychic | G51: - | H51: - | I51: Y
B52: 1UW1H27001361 | C52: Uncommon | D52: 47/110 | E52: Ivysaur | F52: Grass | G52: - | H52: - | I52: Y
C53: Uncommon | D53: 48/110 | E53: Kabuto | F53: Fighting | G53: - | H53: - | I53: Y
C54: Uncommon | D54: 49/110 | E54: Kadabra | F54: Psychic | G54: - | H54: - | I54: Y
C55: Uncommon | D55: 50/110 | E55: Kakuna | F55: Grass | G55: - | H55: - | I55: Y
C56: Uncommon | D56: 51/110 | E56: Machoke | F56: Fighting | G56: - | H56: - | I56: Y
C57: Uncommon | D57: 52/110 | E57: Magikarp | F57: Water | G57: - | H57: -
C58: Uncommon | D58: 53/110 | E58: Meowth | F58: Colorless | G58: - | H58: -
C59: Uncommon | D59: 54/110 | E59: Metapod | F59: Grass | G59: - | H59: -
C60: Uncommon | D60: 55/110 | E60: Nidorina | F60: Grass | G60: - | H60: -
B61: 1UW1H27001361 | C61: Uncommon | D61: 56/110 | E61: Nidorino | F61: Grass | G61: - | H61: - | I61: Y
B62: 1UW1H27001361 | C62: Uncommon | D62: 57/110 | E62: Omanyte | F62: Water | G62: - | H62: - | I62: Y
C63: Uncommon | D63: 58/110 | E63: Omastar | F63: Water | G63: - | H63: - | I63: Y
C64: Uncommon | D64: 59/110 | E64: Primeape | F64: Fighting | G64: - | H64: -
C65: Uncommon | D65: 60/110 | E65: Rapidash | F65: Fire | G65: - | H65: - | I65: Y
C66: Uncommon | D66: 61/110 | E66: Raticate | F66: Colorless | G66: - | H66: - | I66: Y
C67: Uncommon | D67: 62/110 | E67: Sandslash | F67: Fighting | G67: - | H67: - | I67: Y
C68: Uncommon | D68: 63/110 | E68: Seadra | F68: Water | G68: - | H68: - | I68: Y
C69: Uncommon | D69: 64/110 | E69: Snorlax | F69: Colorless | G69: - | H69: -
C70: Uncommon | D70: 65/110 | E70: Tauros | F70: Colorless | G70: - | H70: -
C71: Uncommon | D71: 66/110 | E71: Tentacruel | F71: Water | G71: - | H71: - | I71: Y
C72: Common | D72: 67/110 | E72: Abra | F72: Psychic | G72: - | H72: - | I72: Y
B73: 1UW1H27001361 | C73: Common | D73: 68/110 | E73: Bulbasaur | F73: Grass | G73: - | H73: - | I73: Y
C74: Common | D74: 69/110 | E74: Caterpie | F74: Grass | G74: - | H74: - | I74: Y
C75: Common | D75: 70/110 | E75: Charmander | F75: Fire | G75: - | H75: - | I75: Y
B76: 1UW1H27001361 | C76: Common | D76: 71/110 | E76: Doduo | F76: Colorless | G76: - | H76: - | I76: Y
B77: 1UW1H27001361 | C77: Common | D77: 72/110 | E77: Dratini | F77: Colorless | G77: - | H77: - | I77: Y
C78: Common | D78: 73/110 | E78: Drowzee | F78: Psychic | G78: - | H78: - | I78: Y
C79: Common | D79: 74/110 | E79: Eevee | F79: Colorless | G79: - | H79: - | I79: Y
B80: 1UW1H27001361 | C80: Common | D80: 75/110 | E80: Exeggcute | F80: Grass | G80: - | H80: - | I80: Y
C81: Common | D81: 76/110 | E81: Gastly | F81: Psychic | G81: - | H81: -
C82: Common | D82: 77/110 | E82: Geodude | F82: Fighting | G82: - | H82: - | I82: Y
C83: Common | D83: 78/110 | E83: Grimer | F83: Grass | G83: - | H83: - | I83: Y
C84: Common | D84: 79/110 | E84: Machop | F84: Fighting | G84: - | H84: - | I84: Y
C85: Common | D85: 80/110 | E85: Magnemite | F85: Lightning | G85: - | H85: -
B86: 1UW1H27001361 | C86: Common | D86: 81/110 | E86: Mankey | F86: Fighting | G86: - | H86: - | I86: Y
C87: Common | D87: 82/110 | E87: Nidoran♀ | F87: Grass | G87: - | H87: - | I87: Y
B88: 1UW1H27001361 | C88: Common | D88: 83/110 | E88: Nidoran♂ | F88: Grass | G88: - | H88: - | I88: Y
C89: Common | D89: 84/110 | E89: Onix | F89: Fighting | G89: - | H89: -
C90: Common | D90: 85/110 | E90: Pidgey | F90: Colorless | G90: - | H90: - | I90: Y
C91: Common | D91: 86/110 | E91: Pikachu | F91: Lightning | G91: - | H91: -
B92: 1UW1I4N946811 | C92: Common | D92: 87/110 | E92: Ponyta | F92: Fire | G92: - | H92: - | I92: Y
C93: Common | D93: 88/110 | E93: Psyduck | F93: Water | G93: - | H93: - | I93: Y
C94: Common | D94: 89/110 | E94: Rattata | F94: Colorless | G94: - | H94: -
B95: 1UW1H27001361 | C95: Common | D95: 90/110 | E95: Rhyhorn | F95: Fighting | G95: - | H95: - | I95: Y
B96: 1UW1H27001361 | C96: Common | D96: 91/110 | E96: Sandshrew | F96: Fighting | G96: - | H96: - | I96: Y
C97: Common | D97: 92/110 | E97: Seel | F97: Water | G97: - | H97: - | I97: Y
C98: Common | D98: 93/110 | E98: Slowpoke | F98: Psychic | G98: - | H98: -
C99: Common | D99: 94/110 | E99: Spearow | F99: Colorless | G99: - | H99: -
C100: Common | D100: 95/110 | E100: Squirtle | F100: Water | G100: - | H100: - | I100: Y
B101: 1UW1H27001361 | C101: Common | D101: 96/110 | E101: Tentacool | F101: Water | G101: - | H101: - | I101: Y
B102: 1UW1H27001361 | C102: Common | D102: 97/110 | E102: Voltorb | F102: Lightning | G102: - | H102: - | I102: Y
C103: Common | D103: 98/110 | E103: Vulpix | F103: Fire | G103: - | H103: - | I103: Y
B104: 1UW1H27001361 | C104: Common | D104: 99/110 | E104: Weedle | F104: Grass | G104: - | H104: - | I104: Y
B105: 1UW1H27001361 | C105: Uncommon | D105: 100/110 | E105: Full Heal Energy | F105: Colorless E | G105: - | H105: - | I105: Y
B106: 1UW1H27001361 | C106: Uncommon | D106: 101/110 | E106: Potion Energy | F106: Colorless E | G106: - | H106: - | I106: Y
C107: Rare | D107: 102/110 | E107: Pokémon Breeder | F107: T | G107: - | H107: -
C108: Rare | D108: 103/110 | E108: Pokémon Trader | F108: T | G108: - | H108: -
C109: Rare | D109: 104/110 | E109: Scoop Up | F109: T | G109: - | H109: -
C110: Uncommon | D110: 105/110 | E110: The Boss's Way | F110: T | G110: - | H110: -
C111: Uncommon | D111: 106/110 | E111: Challenge! | F111: T | G111: - | H111: -
...

Sheet EXPEDITION
B2: HOME | C2: Link | D2: https://bulbapedia.bulbagarden.net/wiki/Expedition_Base_Set_(TCG)
C3: Card set name | D3: EXPEDITION
C5: Rarity | D5: No. | E5: Card name | F5: Type | G5: Promotion | H5: Quantity | I5: yes/no | J5: Language | K5: 1st edition | L5: Stamped | M5: Reverse Holo | N5: Condition | O5: Estimated Value | P5: Notes
C6: Rare Holo | D6: 1/165 | E6: Alakazam | F6: Psychic
C7: Rare Holo | D7: 2/165 | E7: Ampharos | F7: Lightning
C8: Rare Holo | D8: 3/165 | E8: Arbok | F8: Grass
C9: Rare Holo | D9: 4/165 | E9: Blastoise | F9: Water | I9: Y
C10: Rare Holo | D10: 5/165 | E10: Butterfree | F10: Grass | I10: Y
C11: Rare Holo | D11: 6/165 | E11: Charizard | F11: Fire
C12: Rare Holo | D12: 7/165 | E12: Clefable | F12: Colorless
C13: Rare Holo | D13: 8/165 | E13: Cloyster | F13: Water | I13: Y
C14: Rare Holo | D14: 9/165 | E14: Dragonite | F14: Colorless | I14: Y
C15: Rare Holo | D15: 10/165 | E15: Dugtrio | F15: Fighting | I15: Y
C16: Rare Holo | D16: 11/165 | E16: Fearow | F16: Colorless | I16: Y
C17: Rare Holo | D17: 12/165 | E17: Feraligatr | F17: Water
C18: Rare Holo | D18: 13/165 | E18: Gengar | F18: Psychic | I18: Y
C19: Rare Holo | D19: 14/165 | E19: Golem | F19: Fighting
C20: Rare Holo | D20: 15/165 | E20: Kingler | F20: Water | I20: Y
C21: Rare Holo | D21: 16/165 | E21: Machamp | F21: Fighting
C22: Rare Holo | D22: 17/165 | E22: Magby | F22: Fire
C23: Rare Holo | D23: 18/165 | E23: Meganium | F23: Grass
C24: Rare Holo | D24: 19/165 | E24: Mew | F24: Psychic
C25: Rare Holo | D25: 20/165 | E25: Mewtwo | F25: Psychic
C26: Rare Holo | D26: 21/165 | E26: Ninetales | F26: Fire | I26: Y
C27: Rare Holo | D27: 22/165 | E27: Pichu | F27: Lightning
C28: Rare Holo | D28: 23/165 | E28: Pidgeot | F28: Colorless | I28: Y
C29: Rare Holo | D29: 24/165 | E29: Poliwrath | F29: Water
C30: Rare Holo | D30: 25/165 | E30: Raichu | F30: Lightning
C31: Rare Holo | D31: 26/165 | E31: Rapidash | F31: Fire
C32: Rare Holo | D32: 27/165 | E32: Skarmory | F32: Metal
C33: Rare Holo | D33: 28/165 | E33: Typhlosion | F33: Fire
C34: Rare Holo | D34: 29/165 | E34: Tyranitar | F34: Darkness
C35: Rare Holo | D35: 30/165 | E35: Venusaur | F35: Grass
C36: Rare Holo | D36: 31/165 | E36: Vileplume | F36: Grass
C37: Rare Holo | D37: 32/165 | E37: Weezing | F37: Grass | I37: Y
C38: Rare | D38: 33/165 | E38: Alakazam | F38: Psychic | I38: Y
C39: Rare | D39: 34/165 | E39: Ampharos | F39: Lightning | I39: Y
C40: Rare | D40: 35/165 | E40: Arbok | F40: Grass | I40: Y
C41: Rare | D41: 36/165 | E41: Blastoise | F41: Water | I41: Y
C42: Rare | D42: 37/165 | E42: Blastoise | F42: Water
C43: Rare | D43: 38/165 | E43: Butterfree | F43: Grass
C44: Rare | D44: 39/165 | E44: Charizard | F44: Fire | I44: Y
C45: Rare | D45: 40/165 | E45: Charizard | F45: Fire | I45: Y
C46: Rare | D46: 41/165 | E46: Clefable | F46: Colorless | I46: Y
C47: Rare | D47: 42/165 | E47: Cloyster | F47: Water | I47: Y
C48: Rare | D48: 43/165 | E48: Dragonite | F48: Colorless | I48: Y
C49: Rare | D49: 44/165 | E49: Dugtrio | F49: Fighting | I49: Y
C50: Rare | D50: 45/165 | E50: Fearow | F50: Colorless
C51: Rare | D51: 46/165 | E51: Feraligatr | F51: Water | I51: Y
C52: Rare | D52: 47/165 | E52: Feraligatr | F52: Water | I52: Y
C53: Rare | D53: 48/165 | E53: Gengar | F53: Psychic | I53: Y
C54: Rare | D54: 49/165 | E54: Golem | F54: Fighting | I54: Y
C55: Rare | D55: 50/165 | E55: Kingler | F55: Water
C56: Rare | D56: 51/165 | E56: Machamp | F56: Fighting | I56: Y
C57: Rare | D57: 52/165 | E57: Magby | F57: Fire | I57: Y
C58: Rare | D58: 53/165 | E58: Meganium | F58: Grass | I58: Y
C59: Rare | D59: 54/165 | E59: Meganium | F59: Grass | I59: Y
C60: Rare | D60: 55/165 | E60: Mew | F60: Psychic | I60: Y
C61: Rare | D61: 56/165 | E61: Mewtwo | F61: Psychic | I61: Y
C62: Rare | D62: 57/165 | E62: Ninetales | F62: Fire | I62: Y
C63: Rare | D63: 58/165 | E63: Pichu | F63: Lightning | I63: Y
C64: Rare | D64: 59/165 | E64: Pidgeot | F64: Colorless | I64: Y
C65: Rare | D65: 60/165 | E65: Poliwrath | F65: Water | I65: Y
C66: Rare | D66: 61/165 | E66: Raichu | F66: Lightning | I66: Y
C67: Rare | D67: 62/165 | E67: Rapidash | F67: Fire | I67: Y
... C84: Uncommon | D84: 79/165 | E84: Graveler | F84: Fighting | I84: Y
B85: 1UW1H27001361 | C85: Uncommon | D85: 80/165 | E85: Haunter | F85: Psychic | I85: Y
C86: Uncommon | D86: 81/165 | E86: Hitmonlee | F86: Fighting | I86: Y
C87: Uncommon | D87: 82/165 | E87: Ivysaur | F87: Grass | I87: Y
C88: Uncommon | D88: 83/165 | E88: Jynx | F88: Water | I88: Y
C89: Uncommon | D89: 84/165 | E89: Kadabra | F89: Psychic | I89: Y
C90: Uncommon | D90: 85/165 | E90: Machoke | F90: Fighting | I90: Y
C91: Uncommon | D91: 86/165 | E91: Magmar | F91: Fire | I91: Y
C92: Uncommon | D92: 87/165 | E92: Metapod | F92: Grass | I92: Y
C93: Uncommon | D93: 88/165 | E93: Pidgeotto | F93: Colorless | I93: Y
C94: Uncommon | D94: 89/165 | E94: Poliwhirl | F94: Water | I94: Y
C95: Uncommon | D95: 90/165 | E95: Pupitar | F95: Fighting | I95: Y
C96: Uncommon | D96: 91/165 | E96: Quilava | F96: Fire | I96: Y
B97: 1UW1H27001361 | C97: Uncommon | D97: 92/165 | E97: Wartortle | F97: Water | I97: Y
C98: Common | D98: 93/165 | E98: Abra | F98: Psychic | I98: Y
C99: Common | D99: 94/165 | E99: Bulbasaur | F99: Grass | I99: Y
C100: Common | D100: 95/165 | E100: Bulbasaur | F100: Grass | I100: Y
C101: Common | D101: 96/165 | E101: Caterpie | F101: Grass | I101: Y
C102: Common | D102: 97/165 | E102: Charmander | F102: Fire | I102: Y
C103: Common | D103: 98/165 | E103: Charmander | F103: Fire | I103: Y
C104: Common | D104: 99/165 | E104: Chikorita | F104: Grass | I104: Y
C105: Common | D105: 100/165 | E105: Chikorita | F105: Grass | I105: Y
C106: Common | D106: 101/165 | E106: Clefairy | F106: Colorless | I106: Y
C107: Common | D107: 102/165 | E107: Corsola | F107: Water | I107: Y
C108: Common | D108: 103/165 | E108: Cubone | F108: Fighting
C109: Common | D109: 104/165 | E109: Cyndaquil | F109: Fire | I109: Y
C110: Common | D110: 105/165 | E110: Cyndaquil | F110: Fire | I110: Y
C111: Common | D111: 106/165 | E111: Diglett | F111: Fighting | I111: Y
C112: Common | D112: 107/165 | E112: Dratini | F112: Colorless | I112: Y
C113: Common | D113: 108/165 | E113: Ekans | F113: Grass | I113: Y
C114: Common | D114: 109/165 | E114: Gastly | F114: Psychic | I114: Y
C115: Common | D115: 110/165 | E115: Geodude | F115: Fighting | I115: Y
C116: Common | D116: 111/165 | E116: Goldeen | F116: Water | I116: Y
C117: Common | D117: 112/165 | E117: Hoppip | F117: Grass | I117: Y
C118: Common | D118: 113/165 | E118: Houndour | F118: Darkness | I118: Y
...

Sheet ACQUAPOLIS
B2: HOME | C2: Link | D2: https://bulbapedia.bulbagarden.net/wiki/Aquapolis_(TCG)
C3: Card set name | D3: ACQUAPOLIS
C5: Rarity | D5: No. | E5: Card name | F5: Type | G5: Promotion | H5: Quantity | I5: yes/no | J5: Language | K5: 1st edition | L5: Stamped | M5: Reverse Holo | N5: Condition | O5: Estimated Value | P5: Notes
C6: Rare Holo | D6: H1/H32 | E6: Ampharos | F6: Lightning | G6: - | H6: -
C7: Rare Holo | D7: H2/H32 | E7: Arcanine | F7: Fire | G7: - | H7: - | I7: Y
C8: Rare Holo | D8: H3/H32 | E8: Ariados | F8: Grass | G8: - | H8: - | I8: Y
C9: Rare Holo | D9: H4/H32 | E9: Azumarill | F9: Water | G9: - | H9: -
C10: Rare Holo | D10: H5/H32 | E10: Bellossom | F10: Grass | G10: - | H10: -
C11: Rare Holo | D11: H6/H32 | E11: Blissey | F11: Colorless | G11: - | H11: -
C12: Rare Holo | D12: H7/H32 | E12: Electrode | F12: Lightning | G12: - | H12: -
C13: Rare Holo | D13: H8/H32 | E13: Entei | F13: Fire | G13: - | H13: -
C14: Rare Holo | D14: H9/H32 | E14: Espeon | F14: Psychic | G14: - | H14: -
C15: Rare Holo | D15: H10/H32 | E15: Exeggutor | F15: Grass | G15: - | H15: -
C16: Rare Holo | D16: H11/H32 | E16: Houndoom | F16: Darkness | G16: - | H16: -
C17: Rare Holo | D17: H12/H32 | E17: Hypno | F17: Psychic | G17: - | H17: -
C18: Rare Holo | D18: H13/H32 | E18: Jumpluff | F18: Grass | G18: - | H18: - | I18: Y
C19: Rare Holo | D19: H14/H32 | E19: Kingdra | F19: Water | G19: - | H19: -
C20: Rare Holo | D20: H15/H32 | E20: Lanturn | F20: Lightning | G20: - | H20: -
C21: Rare Holo | D21: H16/H32 | E21: Magneton | F21: Metal | G21: - | H21: -
C22: Rare Holo | D22: H17/H32 | E22: Muk | F22: Grass | G22: - | H22: -
C23: Rare Holo | D23: H18/H32 | E23: Nidoking | F23: Fighting | G23: - | H23: -
C24: Rare Holo | D24: H19/H32 | E24: Ninetales | F24: Fire | G24: - | H24: - | I24: Y
C25: Rare Holo | D25: H20/H32 | E25: Octillery | F25: Water | G25: - | H25: -
C26: Rare Holo | D26: H21/H32 | E26: Scizor | F26: Metal | G26: - | H26: -
C27: Rare Holo | D27: H22/H32 | E27: Slowking | F27: Psychic | G27: - | H27: -
C28: Rare Holo | D28: H23/H32 | E28: Steelix | F28: Metal | G28: - | H28: - | I28: Y
C29: Rare Holo | D29: H24/H32 | E29: Sudowoodo | F29: Fighting | G29: - | H29: -
C30: Rare Holo | D30: H25/H32 | E30: Suicune | F30: Water | G30: - | H30: -
C31: Rare Holo | D31: H26/H32 | E31: Tentacruel | F31: Water | G31: - | H31: -
C32: Rare Holo | D32: H27/H32 | E32: Togetic | F32: Colorless | G32: - | H32: - | I32: Y
C33: Rare Holo | D33: H28/H32 | E33: Tyranitar | F33: Darkness | G33: - | H33: -
C34: Rare Holo | D34: H29/H32 | E34: Umbreon | F34: Darkness | G34: - | H34: -
C35: Rare Holo | D35: H30/H32 | E35: Victreebel | F35: Grass | G35: - | H35: -
C36: Rare Holo | D36: H31/H32 | E36: Vileplume | F36: Grass | G36: - | H36: -
C37: Rare Holo | D37: H32/H32 | E37: Zapdos | F37: Lightning | G37: - | H37: -
C38: Rare | D38: 1/147 | E38: Ampharos | F38: Lightning | G38: - | H38: -
C39: Rare | D39: 2/147 | E39: Arcanine | F39: Fire | G39: - | H39: - | I39: Y
C40: Rare | D40: 3/147 | E40: Ariados | F40: Grass | G40: - | H40: - | I40: Y
C41: Rare | D41: 4/147 | E41: Azumarill | F41: Water | G41: - | H41: - | I41: Y
C42: Rare | D42: 5/147 | E42: Bellossom | F42: Grass | G42: - | H42: - | I42: Y
C43: Rare | D43: 6/147 | E43: Blissey | F43: Colorless | G43: - | H43: - | I43: Y
C44: Rare | D44: 7/147 | E44: Donphan | F44: Fighting | G44: - | H44: - | I44: Y
C45: Rare | D45: 8/147 | E45: Electrode | F45: Lightning | G45: - | H45: - | I45: Y
C46: Rare | D46: 9/147 | E46: Elekid | F46: Lightning | G46: - | H46: - | I46: Y
C47: Rare | D47: 10/147 | E47: Entei | F47: Fire | G47: - | H47: - | I47: Y
C48: Rare | D48: 11/147 | E48: Espeon | F48: Psychic | G48: - | H48: - | I48: Y
C49: Rare | D49: 12/147 | E49: Exeggutor | F49: Grass | G49: - | H49: - | I49: Y
C50: Rare | D50: 13/147 | E50: Exeggutor | F50: Psychic | G50: - | H50: - | I50: Y
C51: Rare | D51: 14/147 | E51: Houndoom | F51: Fire | G51: - | H51: -
C52: Rare | D52: 15/147 | E52: Houndoom | F52: Darkness | G52: - | H52: -
C53: Rare | D53: 16/147 | E53: Hypno | F53: Psychic | G53: - | H53: -
C54: Rare | D54: 17/147 | E54: Jumpluff | F54: Grass | G54: - | H54: - | I54: Y
C55: Rare | D55: 18/147 | E55: Jynx | F55: Psychic | G55: - | H55: -
C56: Rare | D56: 19/147 | E56: Kingdra | F56: Water | G56: - | H56: -
C57: Rare | D57: 20/147 | E57: Lanturn | F57: Water | G57: - | H57: - | I57: Y
C58: Rare | D58: 21/147 | E58: Lanturn | F58: Lightning | G58: - | H58: - | I58: Y
C59: Rare | D59: 22/147 | E59: Magneton | F59: Metal | G59: - | H59: - | I59: Y
C60: Rare | D60: 23/147 | E60: Muk | F60: Grass | G60: - | H60: - | I60: Y
C61: Rare | D61: 24/147 | E61: Nidoking | F61: Fighting | G61: - | H61: -
C62: Rare | D62: 25/147 | E62: Ninetales | F62: Fire | G62: - | H62: -
C63: Rare | D63: 26/147 | E63: Octillery | F63: Water | G63: - | H63: - | I63: Y
C64: Rare | D64: 27/147 | E64: Parasect | F64: Grass | G64: - | H64: - | I64: Y
B65: 1UW1H27001361 | C65: Rare | D65: 28/147 | E65: Porygon2 | F65: Colorless | G65: - | H65: - | I65: Y
C66: Rare | D66: 29/147 | E66: Primeape | F66: Fighting | G66: - | H66: -
C67: Rare | D67: 30/147 | E67: Quagsire | F67: Water | G67: - | H67: -
B68: 1UW1H27001361 | C68: Rare | D68: 31/147 | E68: Rapidash | F68: Fire | G68: - | H68: - | I68: Y
C69: Rare | D69: 32/147 | E69: Scizor | F69: Metal | G69: - | H69: - | I69: Y
B70: 1UW1H27001361 | C70: Rare | D70: 33/147 | E70: Slowbro | F70: Water | G70: - | H70: - | I70: Y
B71: 1UW1H27001361 | C71: Rare | D71: 34/147 | E71: Slowking | F71: Psychic | G71: - | H71: - | I71: Y
C72: Rare | D72: 35/147 | E72: Steelix | F72: Metal | G72: - | H72: - | I72: Y
C73: Rare | D73: 36/147 | E73: Sudowoodo | F73: Fighting | G73: - | H73: - | I73: Y
C74: Rare | D74: 37/147 | E74: Suicune | F74: Water | G74: - | H74: - | I74: Y
C75: Rare | D75: 38/147 | E75: Tentacruel | F75: Water | G75: - | H75: - | I75: Y
C76: Rare | D76: 39/147 | E76: Togetic | F76: Colorless | G76: - | H76: - | I76: Y
C77: Rare | D77: 40/147 | E77: Tyranitar | F77: Darkness | G77: - | H77: -
C78: Rare | D78: 41/147 | E78: Umbreon | F78: Darkness | G78: - | H78: - | I78: Y
C79: Rare | D79: 42/147 | E79: Victreebel | F79: Grass | G79: - | H79: - | I79: Y
C80: Rare | D80: 43/147 | E80: Vileplume | F80: Grass | G80: - | H80: - | I80: Y
C81: Rare | D81: 44/147 | E81: Zapdos | F81: Lightning | G81: - | H81: -
C82: Uncommon | D82: 45/147 | E82: Bellsprout | F82: Grass | G82: - | H82: - | I82: Y
C83: Uncommon | D83: 46/147 | E83: Dodrio | F83: Colorless | G83: - | H83: -
C84: Uncommon | D84: 47/147 | E84: Flaaffy | F84: Lightning | G84: - | H84: -
C85: Uncommon | D85: 48/147 | E85: Furret | F85: Colorless | G85: - | H85: -
C86: Uncommon | D86: 49/147 | E86: Gloom | F86: Grass | G86: - | H86: - | I86: Y
C87: Uncommon | D87: 50a/147 | E87: Golduck | F87: Water | G87: - | H87: -
C88: Uncommon | D88: 50b/147 | E88: Golduck | F88: Water | G88: - | H88: - | I88: Y
C89: Uncommon | D89: 51/147 | E89: Growlithe | F89: Fire | G89: - | H89: - | I89: Y
C90: Uncommon | D90: 52/147 | E90: Magnemite | F90: Metal | G90: - | H90: - | I90: Y
C91: Uncommon | D91: 53/147 | E91: Marill | F91: Water | G91: - | H91: - | I91: Y
C92: Uncommon | D92: 54/147 | E92: Marowak | F92: Fighting | G92: - | H92: - | I92: Y
C93: Uncommon | D93: 55/147 | E93: Nidorino | F93: Grass | G93: - | H93: -
C94: Uncommon | D94: 56/147 | E94: Pupitar | F94: Fighting | G94: - | H94: - | I94: Y
C95: Uncommon | D95: 57/147 | E95: Scyther | F95: Grass | G95: - | H95: -
C96: Uncommon | D96: 58/147 | E96: Seadra | F96: Water | G96: - | H96: - | I96: Y
C97: Uncommon | D97: 59/147 | E97: Seaking | F97: Water | G97: - | H97: -
C98: Uncommon | D98: 60/147 | E98: Skiploom | F98: Grass | G98: - | H98: -
C99: Uncommon | D99: 61/147 | E99: Smoochum | F99: Psychic | G99: - | H99: - | I99: Y
C100: Uncommon | D100: 62/147 | E100: Spinarak | F100: Grass | G100: - | H100: - | I100: Y
C101: Uncommon | D101: 63/147 | E101: Tyrogue | F101: Fighting | G101: - | H101: - | I101: Y
C102: Uncommon | D102: 64/147 | E102: Voltorb | F102: Lightning | G102: - | H102: -
...

Sheet SKYRIDGE
B2: HOME | C2: Link | D2: https://bulbapedia.bulbagarden.net/wiki/Skyridge_(TCG)
C3: Card set name | D3: SKYRIDGE
C5: Rarity | D5: No. | E5: Card name | F5: Type | G5: Promotion | H5: Quantity | I5: yes/no | J5: Language | K5: 1st edition | L5: Stamped | M5: Reverse Holo | N5: Condition | O5: Estimated Value | P5: Notes
C6: Rare Holo | D6: H1/H32 | E6: Alakazam | F6: Psychic | G6: - | H6: - | I6: Y
C7: Rare Holo | D7: H2/H32 | E7: Arcanine | F7: Fire | G7: - | H7: -
C8: Rare Holo | D8: H3/H32 | E8: Articuno | F8: Water | G8: - | H8: -
C9: Rare Holo | D9: H4/H32 | E9: Beedrill | F9: Grass | G9: - | H9: -
C10: Rare Holo | D10: H5/H32 | E10: Crobat | F10: Grass | G10: - | H10: -
C11: Rare Holo | D11: H6/H32 | E11: Dewgong | F11: Water | G11: - | H11: - | I11: Y
C12: Rare Holo | D12: H7/H32 | E12: Flareon | F12: Fire | G12: - | H12: -
C13: Rare Holo | D13: H8/H32 | E13: Forretress | F13: Metal | G13: - | H13: -
C14: Rare Holo | D14: H9/H32 | E14: Gengar | F14: Psychic | G14: - | H14: -
C15: Rare Holo | D15: H10/H32 | E15: Gyarados | F15: Water | G15: - | H15: -
C16: Rare Holo | D16: H11/H32 | E16: Houndoom | F16: Darkness | G16: - | H16: -
C17: Rare Holo | D17: H12/H32 | E17: Jolteon | F17: Lightning | G17: - | H17: -
C18: Rare Holo | D18: H13/H32 | E18: Kabutops | F18: Fighting | G18: - | H18: -
C19: Rare Holo | D19: H14/H32 | E19: Ledian | F19: Grass | G19: - | H19: -
C20: Rare Holo | D20: H15/H32 | E20: Machamp | F20: Fighting | G20: - | H20: -
C21: Rare Holo | D21: H16/H32 | E21: Magcargo | F21: Fire | G21: - | H21: -
C22: Rare Holo | D22: H17/H32 | E22: Magcargo | F22: Fighting | G22: - | H22: -
C23: Rare Holo | D23: H18/H32 | E23: Magneton | F23: Lightning | G23: - | H23: -
... C30: Rare Holo | D30: H25/H32 | E30: Raichu | F30: Lightning | G30: - | H30: -
C31: Rare Holo | D31: H26/H32 | E31: Raikou | F31: Lightning | G31: - | H31: - | I31: Y
C32: Rare Holo | D32: H27/H32 | E32: Rhydon | F32: Fighting | G32: - | H32: -
C33: Rare Holo | D33: H28/H32 | E33: Starmie | F33: Psychic | G33: - | H33: -
C34: Rare Holo | D34: H29/H32 | E34: Steelix | F34: Metal | G34: - | H34: -
C35: Rare Holo | D35: H30/H32 | E35: Umbreon | F35: Darkness | G35: - | H35: -
C36: Rare Holo | D36: H31/H32 | E36: Vaporeon | F36: Water | G36: - | H36: -
C37: Rare Holo | D37: H32/H32 | E37: Xatu | F37: Psychic | G37: - | H37: -
C38: Rare | D38: 1/144 | E38: Aerodactyl | F38: Fighting | G38: - | H38: - | I38: Y
C39: Rare | D39: 2/144 | E39: Alakazam | F39: Psychic | G39: - | H39: -
B40: 1UW1H27001361 | C40: Rare | D40: 3/144 | E40: Arcanine | F40: Fire | G40: - | H40: - | I40: Y
C41: Rare | D41: 4/144 | E41: Articuno | F41: Water | G41: - | H41: -
C42: Rare | D42: 5/144 | E42: Beedrill | F42: Grass | G42: - | H42: -
C43: Rare | D43: 6/144 | E43: Crobat | F43: Grass | G43: - | H43: -
C44: Rare | D44: 7/144 | E44: Dewgong | F44: Water | G44: - | H44: -
C45: Rare | D45: 8/144 | E45: Flareon | F45: Fire | G45: - | H45: -
C46: Rare | D46: 9/144 | E46: Forretress | F46: Metal | G46: - | H46: -
C47: Rare | D47: 10/144 | E47: Gengar | F47: Psychic | G47: - | H47: -
C48: Rare | D48: 11/144 | E48: Gyarados | F48: Water | G48: - | H48: - | I48: Y
C49: Rare | D49: 12/144 | E49: Houndoom | F49: Darkness | G49: - | H49: -
C50: Rare | D50: 13/144 | E50: Jolteon | F50: Lightning | G50: - | H50: - | I50: Y
C51: Rare | D51: 14/144 | E51: Kabutops | F51: Fighting | G51: - | H51: -
C52: Rare | D52: 15/144 | E52: Ledian | F52: Grass | G52: - | H52: -
C53: Rare | D53: 16/144 | E53: Machamp | F53: Fighting | G53: - | H53: - | I53: Y
C54: Rare | D54: 17/144 | E54: Magcargo | F54: Fire | G54: - | H54: -
C55: Rare | D55: 18/144 | E55: Magcargo | F55: Fighting | G55: - | H55: -
C56: Rare | D56: 19/144 | E56: Magneton | F56: Lightning | G56: - | H56: -
C57: Rare | D57: 20/144 | E57: Magneton | F57: Metal | G57: - | H57: -
C58: Rare | D58: 21/144 | E58: Moltres | F58: Fire | G58: - | H58: - | I58: Y
C59: Rare | D59: 22/144 | E59: Nidoqueen | F59: Grass | G59: - | H59: - | I59: Y
C60: Rare | D60: 23/144 | E60: Omastar | F60: Water | G60: - | H60: -
C61: Rare | D61: 24/144 | E61: Piloswine | F61: Water | G61: - | H61: -
C62: Rare | D62: 25/144 | E62: Politoed | F62: Water | G62: - | H62: -
C63: Rare | D63: 26/144 | E63: Poliwrath | F63: Fighting | G63: - | H63: - | I63: Y
C64: Rare | D64: 27/144 | E64: Raichu | F64: Lightning | G64: - | H64: - | I64: Y
C65: Rare | D65: 28/144 | E65: Raikou | F65: Lightning | G65: - | H65: -
C66: Rare | D66: 29/144 | E66: Rhydon | F66: Fighting | G66: - | H66: - | I66: Y
C67: Rare | D67: 30/144 | E67: Starmie | F67: Psychic | G67: - | H67: -
C68: Rare | D68: 31/144 | E68: Steelix | F68: Metal | G68: - | H68: -
C69: Rare | D69: 32/144 | E69: Umbreon | F69: Darkness | G69: - | H69: -
C70: Rare | D70: 33/144 | E70: Vaporeon | F70: Water | G70: - | H70: -
C71: Rare | D71: 34/144 | E71: Wigglytuff | F71: Colorless | G71: - | H71: -
C72: Rare | D72: 35/144 | E72: Xatu | F72: Psychic | G72: - | H72: -
C73: Uncommon | D73: 36/144 | E73: Electrode | F73: Lightning | G73: - | H73: - | I73: Y
C74: Uncommon | D74: 37/144 | E74: Kabuto | F74: Fighting | G74: - | H74: - | I74: Y
C75: Uncommon | D75: 38/144 | E75: Machoke | F75: Fighting | G75: - | H75: - | I75: Y
C76: Uncommon | D76: 39/144 | E76: Misdreavus | F76: Psychic | G76: - | H76: - | I76: Y
C77: Uncommon | D77: 40/144 | E77: Noctowl | F77: Colorless | G77: - | H77: - | I77: Y
C78: Uncommon | D78: 41/144 | E78: Omanyte | F78: Water | G78: - | H78: - | I78: Y
C79: Uncommon | D79: 42/144 | E79: Persian | F79: Colorless | G79: - | H79: - | I79: Y
C80: Uncommon | D80: 43/144 | E80: Piloswine | F80: Fighting | G80: - | H80: - | I80: Y
C81: Uncommon | D81: 44/144 | E81: Starmie | F81: Water | G81: - | H81: - | I81: Y
C82: Uncommon | D82: 45/144 | E82: Wobbuffet | F82: Psychic | G82: - | H82: - | I82: Y
C83: Common | D83: 46/144 | E83: Abra | F83: Psychic | G83: - | H83: - | I83: Y
C84: Common | D84: 47/144 | E84: Buried Fossil | F84: Colorless | G84: - | H84: - | I84: Y
... C91: Common | D91: 54/144 | E91: Eevee | F91: Colorless | G91: - | H91: - | I91: Y
C92: Common | D92: 55/144 | E92: Farfetch'd | F92: Colorless | G92: - | H92: -
C93: Common | D93: 56/144 | E93: Forretress | F93: Grass | G93: - | H93: - | I93: Y
C94: Common | D94: 57/144 | E94: Gastly | F94: Psychic | G94: - | H94: - | I94: Y
C95: Common | D95: 58/144 | E95: Girafarig | F95: Psychic | G95: - | H95: - | I95: Y
C96: Common | D96: 59/144 | E96: Gligar | F96: Fighting | G96: - | H96: -
C97: Common | D97: 60/144 | E97: Golbat | F97: Grass | G97: - | H97: -
C98: Common | D98: 61/144 | E98: Granbull | F98: Colorless | G98: - | H98: - | I98: Y
C99: Common | D99: 62/144 | E99: Growlithe | F99: Fire | G99: - | H99: - | I99: Y
C100: Common | D100: 63/144 | E100: Haunter | F100: Psychic | G100: - | H100: - | I100: Y
C101: Common | D101: 64/144 | E101: Heracross | F101: Grass | G101: - | H101: - | I101: Y
C102: Common | D102: 65/144 | E102: Hoothoot | F102: Colorless | G102: - | H102: - | I102: Y
C103: Common | D103: 66/144 | E103: Houndour | F103: Fire | G103: - | H103: - | I103: Y
C104: Common | D104: 67/144 | E104: Igglybuff | F104: Colorless | G104: - | H104: - | I104: Y
C105: Common | D105: 68/144 | E105: Jigglypuff | F105: Colorless | G105: - | H105: - | I105: Y
C106: Common | D106: 69/144 | E106: Kadabra | F106: Psychic | G106: - | H106: - | I106: Y
C107: Common | D107: 70/144 | E107: Kakuna | F107: Grass | G107: - | H107: - | I107: Y
C108: Common | D108: 71/144 | E108: Lapras | F108: Water | G108: - | H108: - | I108: Y
C109: Common | D109: 72/144 | E109: Ledyba | F109: Grass | G109: - | H109: - | I109: Y
... C114: Common | D114: 77/144 | E114: Mantine | F114: Water | G114: - | H114: - | I114: Y
C115: Common | D115: 78/144 | E115: Meowth | F115: Colorless | G115: - | H115: -
C116: Common | D116: 79/144 | E116: Murkrow | F116: Darkness | G116: - | H116: - | I116: Y
C117: Common | D117: 80/144 | E117: Natu | F117: Psychic | G117: - | H117: - | I117: Y
C118: Common | D118: 81/144 | E118: Nidoran♀ | F118: Grass | G118: - | H118: - | I118: Y
...

Sheet VS_ERA

Sheet VS
B2: HOME | C2: Link | D2: https://bulbapedia.bulbagarden.net/wiki/Pok%C3%A9mon_VS_(TCG)
C3: Card set name | D3: Pokémon Card★VS
C5: Rarity | D5: No. | E5: Card name | F5: Type | G5: Promotion | H5: Quantity | I5: yes/no | J5: Language | K5: 1st edition | L5: Stamped | M5: Reverse Holo | N5: Condition | O5: Estimated Value | P5: Notes
C6: Common | D6: 001/141 | E6: Falkner's Pidgeot | F6: Colorless | G6: - | H6: - | J6: Japanese
C7: Common | D7: 002/141 | E7: Falkner's Fearow | F7: Colorless | G7: - | H7: - | I7: Y | J7: Japanese
C8: Common | D8: 003/141 | E8: Falkner's Farfetch'd | F8: Colorless | G8: - | H8: - | J8: Japanese
C9: Common | D9: 004/141 | E9: Falkner's Dodrio | F9: Colorless | G9: - | H9: - | J9: Japanese
C10: Common | D10: 005/141 | E10: Falkner's Togetic | F10: Colorless | G10: - | H10: - | I10: Y | J10: Japanese
C11: Common | D11: 006/141 | E11: Falkner's Delibird | F11: Colorless | G11: - | H11: - | I11: Y | J11: Japanese
C12: Rare Holo | D12: 007/141 | E12: Falkner's Skarmory | F12: Metal | G12: - | H12: - | J12: Japanese
C13: Common | D13: 008/141 | E13: Bugsy's Butterfree | F13: Grass | G13: - | H13: - | J13: Japanese
C14: Common | D14: 009/141 | E14: Bugsy's Beedrill | F14: Grass | G14: - | H14: - | J14: Japanese
C15: Common | D15: 010/141 | E15: Bugsy's Pinsir | F15: Grass | G15: - | H15: - | I15: Y | J15: Japanese
C16: Common | D16: 011/141 | E16: Bugsy's Ledian | F16: Grass | G16: - | H16: - | J16: Japanese
C17: Common | D17: 012/141 | E17: Bugsy's Yanma | F17: Grass | G17: - | H17: - | I17: Y | J17: Japanese
C18: Rare Holo | D18: 013/141 | E18: Bugsy's Scizor | F18: Metal | G18: - | H18: - | J18: Japanese
C19: Common | D19: 014/141 | E19: Whitney's Clefable | F19: Colorless | G19: - | H19: - | J19: Japanese
C20: Common | D20: 015/141 | E20: Whitney's Wigglytuff | F20: Colorless | G20: - | H20: - | J20: Japanese
C21: Common | D21: 016/141 | E21: Whitney's Persian | F21: Colorless | G21: - | H21: - | J21: Japanese
C22: Common | D22: 017/141 | E22: Whitney's Lickitung | F22: Colorless | G22: - | H22: - | I22: Y | J22: Japanese
C23: Common | D23: 018/141 | E23: Whitney's Furret | F23: Colorless | G23: - | H23: - | I23: Y | J23: Japanese
C24: Common | D24: 019/141 | E24: Whitney's Miltank | F24: Colorless | G24: - | H24: - | I24: Y | J24: Japanese
C25: Common | D25: 020/141 | E25: Morty's Ninetales | F25: Fire | G25: - | H25: - | J25: Japanese
C26: Common | D26: 021/141 | E26: Morty's Gengar | F26: Psychic | G26: - | H26: - | J26: Japanese
C27: Common | D27: 022/141 | E27: Morty's Hypno | F27: Psychic | G27: - | H27: - | I27: Y | J27: Japanese
C28: Common | D28: 023/141 | E28: Morty's Marowak | F28: Fighting | G28: - | H28: - | J28: Japanese
C29: Common | D29: 024/141 | E29: Morty's Noctowl | F29: Colorless | G29: - | H29: - | I29: Y | J29: Japanese
C30: Rare Holo | D30: 025/141 | E30: Morty's Murkrow | F30: Darkness | G30: - | H30: - | J30: Japanese
C31: Common | D31: 026/141 | E31: Morty's Misdreavus | F31: Psychic | G31: - | H31: - | J31: Japanese
C32: Common | D32: 027/141 | E32: Jasmine's Raichu | F32: Lightning | G32: - | H32: - | J32: Japanese
C33: Common | D33: 028/141 | E33: Jasmine's Magneton | F33: Lightning | G33: - | H33: - | I33: Y | J33: Japanese
C34: Common | D34: 029/141 | E34: Jasmine's Electabuzz | F34: Lightning | G34: - | H34: - | I34: Y | J34: Japanese
C35: Common | D35: 030/141 | E35: Jasmine's Jolteon | F35: Lightning | G35: - | H35: - | J35: Japanese
C36: Common | D36: 031/141 | E36: Jasmine's Ampharos | F36: Lightning | G36: - | H36: - | J36: Japanese
C37: Rare Holo | D37: 032/141 | E37: Jasmine's Steelix | F37: Metal | G37: - | H37: - | J37: Japanese
C38: Common | D38: 033/141 | E38: Chuck's Primeape | F38: Fighting | G38: - | H38: - | J38: Japanese
C39: Common | D39: 034/141 | E39: Chuck's Poliwrath | F39: Fighting | G39: - | H39: - | I39: Y | J39: Japanese
C40: Common | D40: 035/141 | E40: Chuck's Rhydon | F40: Fighting | G40: - | H40: - | J40: Japanese
C41: Common | D41: 036/141 | E41: Chuck's Tauros | F41: Colorless | G41: - | H41: - | J41: Japanese
C42: Common | D42: 037/141 | E42: Chuck's Granbull | F42: Colorless | G42: - | H42: - | I42: Y | J42: Japanese
C43: Common | D43: 038/141 | E43: Chuck's Donphan | F43: Fighting | G43: - | H43: - | I43: Y | J43: Japanese
C44: Common | D44: 039/141 | E44: Pryce's Dewgong | F44: Water | G44: - | H44: - | J44: Japanese
C45: Common | D45: 040/141 | E45: Pryce's Cloyster | F45: Water | G45: - | H45: - | I45: Y | J45: Japanese
C46: Common | D46: 041/141 | E46: Pryce's Lapras | F46: Water | G46: - | H46: - | J46: Japanese
C47: Common | D47: 042/141 | E47: Pryce's Articuno | F47: Water | G47: - | H47: - | I47: Y | J47: Japanese
C48: Rare Holo | D48: 043/141 | E48: Pryce's Sneasel | F48: Darkness | G48: - | H48: - | I48: Y | J48: Japanese
C49: Common | D49: 044/141 | E49: Pryce's Piloswine | F49: Water | G49: - | H49: - | J49: Japanese
C50: Common | D50: 045/141 | E50: Pryce's Delibird | F50: Water | G50: - | H50: - | I50: Y | J50: Japanese
C51: Common | D51: 046/141 | E51: Clair's Blastoise | F51: Water | G51: - | H51: - | I51: Y | J51: Japanese
C52: Common | D52: 047/141 | E52: Clair's Jynx | F52: Water | G52: - | H52: - | J52: Japanese
C53: Common | D53: 048/141 | E53: Clair's Gyarados | F53: Water | G53: - | H53: - | J53: Japanese
C54: Common | D54: 049/141 | E54: Clair's Dragonite | F54: Colorless | G54: - | H54: - | I54: Y | J54: Japanese
C55: Common | D55: 050/141 | E55: Clair's Politoed | F55: Water | G55: - | H55: - | J55: Japanese
C56: Common | D56: 051/141 | E56: Clair's Mantine | F56: Water | G56: - | H56: - | I56: Y | J56: Japanese
C57: Common | D57: 052/141 | E57: Clair's Kingdra | F57: Water | G57: - | H57: - | I57: Y | J57: Japanese
C58: Common | D58: 053/141 | E58: Lt. Surge's Raichu | F58: Lightning | G58: - | H58: - | I58: Y | J58: Japanese
C59: Common | D59: 054/141 | E59: Lt. Surge's Lanturn | F59: Lightning | G59: - | H59: - | J59: Japanese
C60: Common | D60: 055/141 | E60: Sabrina's Xatu | F60: Psychic | G60: - | H60: - | J60: Japanese
C61: Common | D61: 056/141 | E61: Sabrina's Espeon | F61: Psychic | G61: - | H61: - | J61: Japanese
C62: Common | D62: 057/141 | E62: Misty's Lapras | F62: Water | G62: - | H62: - | J62: Japanese
C63: Common | D63: 058/141 | E63: Misty's Quagsire | F63: Water | G63: - | H63: - | J63: Japanese
C64: Common | D64: 059/141 | E64: Erika's Bellossom | F64: Grass | G64: - | H64: - | J64: Japanese
C65: Common | D65: 060/141 | E65: Erika's Jumpluff | F65: Grass | G65: - | H65: - | J65: Japanese
C66: Common | D66: 061/141 | E66: Janine's Beedrill | F66: Grass | G66: - | H66: - | I66: Y | J66: Japanese
C67: Common | D67: 062/141 | E67: Janine's Arbok | F67: Grass | G67: - | H67: - | J67: Japanese
C68: Common | D68: 063/141 | E68: Janine's Venomoth | F68: Grass | G68: - | H68: - | J68: Japanese
C69: Common | D69: 064/141 | E69: Janine's Weezing | F69: Grass | G69: - | H69: - | J69: Japanese
C70: Common | D70: 065/141 | E70: Janine's Ariados | F70: Grass | G70: - | H70: - | J70: Japanese
C71: Common | D71: 066/141 | E71: Janine's Crobat | F71: Grass | G71: - | H71: - | J71: Japanese
C72: Common | D72: 067/141 | E72: Janine's Shuckle | F72: Grass | G72: - | H72: - | J72: Japanese
C73: Common | D73: 068/141 | E73: Brock's Omastar | F73: Fighting | G73: - | H73: - | I73: Y | J73: Japanese
C74: Common | D74: 069/141 | E74: Brock's Kabutops | F74: Fighting | G74: - | H74: - | I74: Y | J74: Japanese
C75: Common | D75: 070/141 | E75: Blaine's Typhlosion | F75: Fire | G75: - | H75: - | J75: Japanese
C76: Common | D76: 071/141 | E76: Blaine's Magcargo | F76: Fire | G76: - | H76: - | J76: Japanese
C77: Common | D77: 072/141 | E77: Will's Slowbro | F77: Psychic | G77: - | H77: - | J77: Japanese
C78: Common | D78: 073/141 | E78: Will's Exeggutor | F78: Psychic | G78: - | H78: - | J78: Japanese
C79: Common | D79: 074/141 | E79: Will's Jynx | F79: Psychic | G79: - | H79: - | J79: Japanese
C80: Common | D80: 075/141 | E80: Will's Xatu | F80: Psychic | G80: - | H80: - | J80: Japanese
C81: Common | D81: 076/141 | E81: Will's Espeon | F81: Psychic | G81: - | H81: - | J81: Japanese
C82: Common | D82: 077/141 | E82: Will's Slowking | F82: Psychic | G82: - | H82: - | J82: Japanese
C83: Common | D83: 078/141 | E83: Will's Girafarig | F83: Psychic | G83: - | H83: - | I83: Y | J83: Japanese
C84: Common | D84: 079/141 | E84: Koga's Crobat | F84: Grass | G84: - | H84: - | J84: Japanese
C85: Common | D85: 080/141 | E85: Koga's Forretress | F85: Grass | G85: - | H85: - | J85: Japanese
C86: Common | D86: 081/141 | E86: Bruno's Machamp | F86: Fighting | G86: - | H86: - | J86: Japanese
C87: Common | D87: 082/141 | E87: Bruno's Hitmonlee | F87: Fighting | G87: - | H87: - | J87: Japanese
C88: Common | D88: 083/141 | E88: Bruno's Hitmonchan | F88: Fighting | G88: - | H88: - | J88: Japanese
C89: Rare Holo | D89: 084/141 | E89: Bruno's Steelix | F89: Metal | G89: - | H89: - | I89: Y | J89: Japanese
C90: Common | D90: 085/141 | E90: Bruno's Ursaring | F90: Colorless | G90: - | H90: - | J90: Japanese
C91: Common | D91: 086/141 | E91: Bruno's Hitmontop | F91: Fighting | G91: - | H91: - | J91: Japanese
C92: Common | D92: 087/141 | E92: Karen's Rapidash | F92: Fire | G92: - | H92: - | I92: Y | J92: Japanese
C93: Common | D93: 088/141 | E93: Karen's Magmar | F93: Fire | G93: - | H93: - | J93: Japanese
C94: Common | D94: 089/141 | E94: Karen's Flareon | F94: Fire | G94: - | H94: - | J94: Japanese
C95: Rare Holo | D95: 090/141 | E95: Karen's Tyranitar | F95: Darkness | G95: - | H95: - | J95: Japanese
C96: Rare Holo | D96: 091/141 | E96: Karen's Umbreon | F96: Darkness | G96: - | H96: - | J96: Japanese
C97: Common | D97: 092/141 | E97: Karen's Houndoom | F97: Fire | G97: - | H97: - | J97: Japanese
C98: Rare Holo | D98: 093/141 | E98: Rocket's Wobbuffet | F98: Psychic | G98: - | H98: - | J98: Japanese
C99: Rare Holo | D99: 094/141 | E99: Rocket's Raikou | F99: Lightning | G99: - | H99: - | J99: Japanese
C100: Rare Holo | D100: 095/141 | E100: Rocket's Entei | F100: Fire | G100: - | H100: - | J100: Japanese
C101: Rare Holo | D101: 096/141 | E101: Rocket's Suicune | F101: Water | G101: - | H101: - | J101: Japanese
C102: Common | D102: 097/141 | E102: Lance's Charizard | F102: Fire | G102: - | H102: - | J102: Japanese
...

Sheet VS_PROMOTIONAL
B2: HOME
C5: Rarity | D5: No. | E5: Card name | F5: Type | G5: Promotion | H5: Quantity | I5: yes/no | J5: Language | K5: 1st edition | L5: Stamped | M5: Reverse Holo | N5: Condition | O5: Estimated Value | P5: Notes

Sheet THEATER_LTD_VS_PACK
B2: HOME | C2: https://bulbapedia.bulbagarden.net/wiki/Theater_Limited_VS_Pack_(TCG)
C3: Theater Limited VS Pack
C5: Rarity | D5: No. | E5: Card name | F5: Type | G5: Promotion | H5: Quantity | I5: yes/no | J5: Language | K5: 1st edition | L5: Stamped | M5: Reverse Holo | N5: Condition | O5: Estimated Value | P5: Notes
D6: 001/018 | E6: Oakley's Ariados | F6: Grass | G6: - | H6: 1×
D7: 002/018 | E7: Brock's Crobat | F7: Grass | G7: - | H7: 1× | I7: Y
D8: 003/018 | E8: Misty's Politoed | F8: Water | G8: - | H8: 1×
D9: 004/018 | E9: Misty's Corsola | F9: Water | G9: - | H9: 1× | I9: Y
D10: 005/018 | E10: Ross's Wailmer | F10: Water | G10: - | H10: 1×
D11: 006/018 | E11: Alto Mare's Xatu | F11: Psychic | G11: - | H11: 1×
D12: 007/018 | E12: Annie's Espeon | F12: Psychic | G12: - | H12: 1×
D13: 008/018 | E13: Alto Mare's Kabutops | F13: Fighting | G13: - | H13: 1×
D14: 009/018 | E14: Alto Mare's Aerodactyl | F14: Fighting | G14: - | H14: 1×
D15: 010/018 | E15: Alto Mare's Pidgeotto | F15: Colorless | G15: - | H15: 1×
D16: 011/018 | E16: Alto Mare's Latias | F16: Colorless | G16: - | H16: 1×
D17: 012/018 | E17: Alto Mare's Latios | F17: Colorless | G17: - | H17: 1×
D18: 013/018 | E18: Energy Restore | F18: T | G18: - | H18: 1×
D19: 014/018 | E19: Energy Search | F19: T | G19: - | H19: 1×
D20: 015/018 | E20: Potion | F20: T | G20: - | H20: 1×
D21: 016/018 | E21: Soul Dew | F21: T | G21: - | H21: 1×
... D27: — | E27: Fighting Energy | F27: Fighting E | G27: - | H27: 3×

Sheet MOVIE_VS_DEOXYS
B2: HOME | C2: https://m.bulbapedia.bulbagarden.net/wiki/Movie_Commemoration_VS_Pack:_Sky-Splitting_Deoxys_(TCG)
C3: Movie Commemoration VS Pack: Sky-Splitting Deoxys (TCG)
C5: Rarity | D5: No. | E5: Card name | F5: Type | G5: Promotion | H5: Quantity | I5: yes/no | J5: Language | K5: 1st edition | L5: Stamped | M5: Reverse Holo | N5: Condition | O5: Estimated Value | P5: Notes
D6: 001/019 | E6: Sky-Splitting Deoxys Normal Forme | F6: Psychic | H6: 1× | I6: N
D7: 002/019 | E7: Sky-Splitting Deoxys Attack Forme | F7: Psychic | H7: 1× | I7: N
D8: 003/019 | E8: Sky's Rayquaza | F8: Colorless | H8: 1× | I8: N
D9: 004/019 | E9: LaRousse's Plusle | F9: Lightning | H9: 1× | I9: N
D10: 005/019 | E10: LaRousse's Minun | F10: Lightning | H10: 1× | I10: N
D11: 006/019 | E11: LaRousse's Munchlax | F11: Colorless | H11: 1× | I11: N
D12: 007/019 | E12: Audrey's Masquerain | F12: Grass | H12: 1× | I12: N
D13: 008/019 | E13: Kathryn's Surskit | F13: Water | H13: 1× | I13: N
D14: 009/019 | E14: Ash's Torkoal | F14: Fighting | H14: 1× | I14: N
D15: 010/019 | E15: Sid's Blastoise | F15: Water | H15: 1× | I15: N
D16: 011/019 | E16: Rebecca's Metagross | F16: Psychic | H16: 1× | I16: N
D17: 012/019 | E17: Rafe's Blaziken | F17: Fire | H17: 1× | I17: N
... D22: 017/019 | E22: Tory's Feelings | F22: T [Su] | H22: 1× | I22: N
D23: 018/019 | E23: Strength Charm | F23: T | H23: 1×
D24: 019/019 | E24: Magnetic Storm | F24: T [St] | H24: 1×
D25: — | E25: Psychic Energy | F25: Psychic E | H25: 4×
D26: — | E26: Fire Energy | F26: Fire E | H26: 3×
D27: — | E27: Water Energy | F27: Water E | H27: 3×
D28: — | E28: Multi Energy | F28: Colorless E | H28: 1×
D29: — | E29: Metal Energy | F29: Metal E | H29: 1×

Sheet MOVIE_VS_LUCARIO
B2: HOME | C2: https://bulbapedia.bulbagarden.net/wiki/Movie_Commemoration_VS_Pack:_Aura%27s_Lucario_(TCG)#:~:text=The%20Movie%20Commemoration%20VS%20Pack,and%20the%20Mystery%20of%20Mew
C3: Movie Commemoration VS Pack Aura's Lucario (TCG)
C5: Rarity | D5: No. | E5: Card name | F5: Type | G5: Promotion | H5: Quantity | I5: yes/no | J5: Language | K5: 1st edition | L5: Stamped | M5: Reverse Holo | N5: Condition | O5: Estimated Value | P5: Notes
D6: 001/020 | E6: Ash's Grovyle | F6: Grass | H6: 1×
D7: 002/020 | E7: Rota's Mew | F7: Psychic | H7: 1×
D8: 003/020 | E8: Ilene's Mime Jr. | F8: Psychic | H8: 1×
D9: 004/020 | E9: Ash's Phanpy | F9: Fighting | H9: 1×
D10: 005/020 | E10: Rota's Bonsly | F10: Fighting | H10: 1×
D11: 006/020 | E11: Aaron's Pidgeot | F11: Colorless | H11: 1×
D12: 007/020 | E12: Ash's Swellow | F12: Colorless | H12: 1×
D13: 008/020 | E13: May's Munchlax | F13: Colorless | H13: 1×
D14: 009/020 | E14: Kidd's Weavile | F14: Darkness | H14: 1×
D15: 010/020 | E15: Kidd's Weavile | F15: Darkness | H15: 1×
D16: 011/020 | E16: Brock's Forretress | F16: Metal | H16: 1×
D17: 012/020 | E17: Aura's Lucario | F17: Metal | H17: 1×
... D29: — | E29: Metal Energy | F29: Metal E | H29: 1×

Sheet BEST_OF_GAME
B2: HOME | C2: https://bulbapedia.bulbagarden.net/wiki/Best_of_Game_(TCG)
C3: Best of Game
C5: Rarity | D5: No. | E5: Card name | F5: Type | G5: Promotion | H5: Quantity | I5: yes/no | J5: Language | K5: 1st edition | L5: Stamped | M5: Reverse Holo | N5: Condition | O5: Estimated Value | P5: Notes
D6: 1 | E6: Electabuzz | F6: Lightning | G6: BattleZone (December 2002) | H6: -
E7: Electabuzz [Winner] | H7: -
E8: Electabuzz [Winner] (Jumbo) | H8: -
D9: 2 | E9: Hitmonchan | F9: Fighting | G9: BattleZone (February 2003) | H9: -
E10: Hitmonchan [Winner] | H10: -
E11: Hitmonchan [Winner] (Jumbo) | H11: -
D12: 3 | E12: Professor Elm | F12: T | G12: Gencon 2003 | H12: -
D13: 4 | E13: Rocket's Scizor | F13: Metal | G13: BattleZone (March 2003) | H13: - | I13: Y
E14: Rocket's Scizor [Winner] | H14: -
E15: Rocket's Scizor [Winner] (Jumbo) | H15: -
D16: 5 | E16: Rocket's Sneasel | F16: Darkness | G16: BattleZone (January 2003) | H16: - | I16: Y
E17: Rocket's Sneasel [Winner] | H17: -
E18: Rocket's Sneasel [Winner] (Jumbo) | H18: -
D19: 6 | E19: Dark Ivysaur | F19: Grass | G19: BattleZone (April 2003) | H19: -
E20: Dark Ivysaur [Winner] | H20: -
E21: Dark Ivysaur [Winner] (Jumbo) | H21: -
D22: 7 | E22: Dark Venusaur | F22: Grass | G22: BattleZone (May 2003) | H22: -
E23: Dark Venusaur [Winner] | H23: -
E24: Dark Venusaur [Winner] (Jumbo) | H24: -
D25: 8 | E25: Rocket's Mewtwo [Winner] | F25: Psychic | G25: BattleZone (June 2003) | H25: -
E26: Rocket's Mewtwo [Winner] (Jumbo) | H26: -
D27: 9 | E27: Rocket's Hitmonchan [Winner] | F27: Fighting | G27: BattleZone (July 2003) | H27: -
E28: Rocket's Hitmonchan [Winner] (Jumbo) | H28: -

Sheet CARDASS

Sheet PM_CARDDASS
B2: HOME
C5: Rarity | D5: No. | E5: Card name | F5: Type | G5: Promotion | H5: Quantity | I5: yes/no | J5: Language | K5: 1st edition | L5: Stamped | M5: Reverse Holo | N5: Condition | O5: Estimated Value | P5: Notes
C6: Common | D6: 1/105 | E6: Lorem Ipsum | F6: Colorless | G6: - | H6: - | I6: N
C7: Common | D7: 2/105 | E7: Lorem Ipsum | F7: Colorless | G7: - | H7: - | I7: N
C8: Common | D8: 3/105 | E8: Lorem Ipsum | F8: Colorless | G8: - | H8: - | I8: N
C9: Common | D9: 4/105 | E9: Lorem Ipsum | F9: Colorless | G9: - | H9: - | I9: N
C10: Common | D10: 5/105 | E10: Lorem Ipsum | F10: Colorless | G10: - | H10: - | I10: N
C11: Common | D11: 6/105 | E11: Lorem Ipsum | F11: Colorless | G11: - | H11: - | I11: N
C12: Common | D12: 7/105 | E12: Lorem Ipsum | F12: Colorless | G12: - | H12: - | I12: N
C13: Common | D13: 8/105 | E13: Lorem Ipsum | F13: Colorless | G13: - | H13: - | I13: N
C14: Common | D14: 9/105 | E14: Lorem Ipsum | F14: Colorless | G14: - | H14: - | I14: N
C15: Common | D15: 10/105 | E15: Lorem Ipsum | F15: Colorless | G15: - | H15: - | I15: N
C16: Common | D16: 11/105 | E16: Lorem Ipsum | F16: Colorless | G16: - | H16: - | I16: N
C17: Common | D17: 12/105 | E17: Lorem Ipsum | F17: Colorless | G17: - | H17: - | I17: N
... C22: Common | D22: 17/105 | E22: Lorem Ipsum | F22: Colorless | G22: - | H22: - | I22: N

Sheet UNNUMBERED_PROMOTIONAL

Sheet ANA_CAMPAIGN
B2: HOME
C5: Rarity | D5: No. | E5: Card name | F5: Type | G5: Promotion | H5: Quantity | I5: yes/no | J5: Language | K5: 1st edition | L5: Stamped | M5: Reverse Holo | N5: Condition | O5: Estimated Value | P5: Notes
C6: Common | D6: 1/105 | E6: Lorem Ipsum | F6: Colorless | G6: - | H6: - | I6: N
C7: Common | D7: 2/105 | E7: Lorem Ipsum | F7: Colorless | G7: - | H7: - | I7: N
C8: Common | D8: 3/105 | E8: Lorem Ipsum | F8: Colorless | G8: - | H8: - | I8: N
C9: Common | D9: 4/105 | E9: Lorem Ipsum | F9: Colorless | G9: - | H9: - | I9: N
C10: Common | D10: 5/105 | E10: Lorem Ipsum | F10: Colorless | G10: - | H10: - | I10: N
C11: Common | D11: 6/105 | E11: Lorem Ipsum | F11: Colorless | G11: - | H11: - | I11: N
C12: Common | D12: 7/105 | E12: Lorem Ipsum | F12: Colorless | G12: - | H12: - | I12: N
C13: Common | D13: 8/105 | E13: Lorem Ipsum | F13: Colorless | G13: - | H13: - | I13: N
C14: Common | D14: 9/105 | E14: Lorem Ipsum | F14: Colorless | G14: - | H14: - | I14: N
C15: Common | D15: 10/105 | E15: Lorem Ipsum | F15: Colorless | G15: - | H15: - | I15: N
C16: Common | D16: 11/105 | E16: Lorem Ipsum | F16: Colorless | G16: - | H16: - | I16: N
C17: Common | D17: 12/105 | E17: Lorem Ipsum | F17: Colorless | G17: - | H17: - | I17: N
... C22: Common | D22: 17/105 | E22: Lorem Ipsum | F22: Colorless | G22: - | H22: - | I22: N

Sheet MASAKI
B2: HOME
C5: Rarity | D5: No. | E5: Card name | F5: Type | G5: Promotion | H5: Quantity | I5: yes/no | J5: Language | K5: 1st edition | L5: Stamped | M5: Reverse Holo | N5: Condition | O5: Estimated Value | P5: Notes
C6: Common | D6: 1/105 | E6: Lorem Ipsum | F6: Colorless | G6: - | H6: - | I6: N
C7: Common | D7: 2/105 | E7: Lorem Ipsum | F7: Colorless | G7: - | H7: - | I7: N
C8: Common | D8: 3/105 | E8: Lorem Ipsum | F8: Colorless | G8: - | H8: - | I8: N
C9: Common | D9: 4/105 | E9: Lorem Ipsum | F9: Colorless | G9: - | H9: - | I9: N
C10: Common | D10: 5/105 | E10: Lorem Ipsum | F10: Colorless | G10: - | H10: - | I10: N
C11: Common | D11: 6/105 | E11: Lorem Ipsum | F11: Colorless | G11: - | H11: - | I11: N
C12: Common | D12: 7/105 | E12: Lorem Ipsum | F12: Colorless | G12: - | H12: - | I12: N
C13: Common | D13: 8/105 | E13: Lorem Ipsum | F13: Colorless | G13: - | H13: - | I13: N
C14: Common | D14: 9/105 | E14: Lorem Ipsum | F14: Colorless | G14: - | H14: - | I14: N
C15: Common | D15: 10/105 | E15: Lorem Ipsum | F15: Colorless | G15: - | H15: - | I15: N
C16: Common | D16: 11/105 | E16: Lorem Ipsum | F16: Colorless | G16: - | H16: - | I16: N
C17: Common | D17: 12/105 | E17: Lorem Ipsum | F17: Colorless | G17: - | H17: - | I17: N
... C22: Common | D22: 17/105 | E22: Lorem Ipsum | F22: Colorless | G22: - | H22: - | I22: N

Sheet UNNUMBERED_OWNER
B2: HOME | C2: https://bulbapedia.bulbagarden.net/wiki/Unnumbered_Promotional_cards_(TCG)/1996-2005
C3: Unnumbered owner
C5: Rarity | D5: No. | E5: Card name | F5: Type | G5: Promotion | H5: Quantity | I5: yes/no | J5: Language | K5: 1st edition | L5: Stamped | M5: Reverse Holo | N5: Condition | O5: Estimated Value | P5: Notes
D6: — | E6: Brock's Onix | F6: Fighting | G6: CoroCoro Comic March 1998 issue insert (February 15, 1998) | H6: - | I6: Y
D7: — | E7: Misty's Staryu | F7: Water | G7: CoroCoro Comic March 1998 issue insert (February 15, 1998) | H7: -
D8: — | E8: Pikachu's Summer Vacation [Jumbo] | F8: Lightning | G8: CoroCoro Comic June 1998 issue insert (May 15, 1998) | H8: -
D9: — | E9: Lt. Surge's Electabuzz | F9: Lightning | G9: CoroCoro Comic August 1998 issue insert (July 15, 1998) | H9: - | I9: Y
D10: — | E10: Erika's Dratini | F10: Colorless | G10: CoroCoro Comic August 1998 issue insert (July 15, 1998) | H10: - | I10: Y
D11: — | E11: _____'s Pikachu | F11: Lightning | G11: All Card Calendar (November 5, 1998) | H11: -
D12: — | E12: Brock's Mankey | F12: Fighting | G12: CoroCoro Comic December 1998 issue insert (November 15, 1998) | H12: - | I12: Y
D13: — | E13: Erika's Bulbasaur | F13: Grass | G13: CoroCoro Comic December 1998 issue insert (November 15, 1998) | H13: - | I13: Y
D14: — | E14: Misty's Tentacool | F14: Water | G14: CoroCoro Comic December 1998 issue insert (November 15, 1998) | H14: -
D15: — | E15: Lt. Surge's Jolteon | F15: Lightning | G15: CoroCoro Comic December 1998 issue insert (November 15, 1998) | H15: - | I15: Y
D16: — | E16: Blaine's Growlithe | F16: Fire | G16: CoroCoro Comic March 1999 issue insert (February 15, 1999) | H16: - | I16: Y
D17: — | E17: Sabrina's Abra | F17: Psychic | G17: CoroCoro Comic March 1999 issue insert (February 15, 1999) | H17: -
D18: — | E18: Giovanni's Nidoking | F18: Grass | G18: CoroCoro Comic August 1999 issue insert (July 15, 1999) | H18: - | I18: Y
D19: — | E19: Koga's Ninja Gym | F19: T [St] | G19: CoroCoro Comic August 1999 issue insert (July 15, 1999) | H19: - | I19: Y
D20: — | E20: Hama-chan's Slowking | F20: Psychic | G20: CoroCoro Comic September 1999 issue insert (August 15, 1999) | H20: -
D21: — | E21: Misty's Treatment | F21: T | G21: Riding on Lapras CD insert (August 21, 1999) | H21: -
D22: — | E22: Team Rocket's Meowth | F22: Colorless | G22: Meowth's Party CD insert (October 27, 1999) | H22: -
D23: — | E23: Crystal Tower's Entei [Jumbo] | F23: Fire | G23: CoroCoro Comic August 2000 issue insert (July 15, 2000) | H23: -
D24: — | E24: Great Rocket's Mewtwo | F24: Psychic | G24: Pokémon Trading Card Game 2: The Invasion of Team GR! insert | H24: -
D25: — | E25: Pryce's Lapras | F25: Water | G25: Pokémon Card Information Vol. 3 insert (July 19, 2001) | H25: -
D26: — | E26: _____'s Pikachu | F26: Lightning | G26: How I Became a Pokémon Card Vol. 6 insert (September 23, 2001) | H26: -

Sheet EX-SERIES

Sheet EX_RUBY_SAPPHIRE
B2: HOME | C2: Link | D2: https://bulbapedia.bulbagarden.net/wiki/EX_Ruby_%26_Sapphire_(TCG)
C3: Card set name | D3: EX Ruby & Sapphire
C5: Rarity | D5: No. | E5: Card name | F5: Type | G5: Promotion | H5: Quantity | I5: yes/no | J5: Language | K5: 1st edition | L5: Stamped | M5: Reverse Holo | N5: Condition | O5: Estimated Value | P5: Notes
C6: Rare Holo | D6: 1/109 | E6: Aggron | F6: Metal | G6: - | H6: -
C7: Rare Holo | D7: 2/109 | E7: Beautifly | F7: Grass | G7: - | H7: - | I7: Y
C8: Rare Holo | D8: 3/109 | E8: Blaziken | F8: Fire | G8: - | H8: - | I8: Y
C9: Rare Holo | D9: 4/109 | E9: Camerupt | F9: Fire | G9: - | H9: - | I9: Y
C10: Rare Holo | D10: 5/109 | E10: Delcatty | F10: Colorless | G10: - | H10: -
B11: 1UW1H27001361 | C11: Rare Holo | D11: 6/109 | E11: Dustox | F11: Grass | G11: - | H11: - | I11: Y | P11: reverse
C12: Rare Holo | D12: 7/109 | E12: Gardevoir | F12: Psychic | G12: - | H12: - | I12: Y
B13: 1UW1H27001361 | C13: Rare Holo | D13: 8/109 | E13: Hariyama | F13: Fighting | G13: - | H13: - | I13: Y
C14: Rare Holo | D14: 9/109 | E14: Manectric | F14: Lightning | G14: - | H14: - | I14: Y
C15: Rare Holo | D15: 10/109 | E15: Mightyena | F15: Darkness | G15: - | H15: - | I15: Y
C16: Rare Holo | D16: 11/109 | E16: Sceptile | F16: Grass | G16: - | H16: - | I16: Y
C17: Rare Holo | D17: 12/109 | E17: Slaking | F17: Colorless | G17: - | H17: - | I17: Y
C18: Rare Holo | D18: 13/109 | E18: Swampert | F18: Water | G18: - | H18: - | I18: Y
C19: Rare Holo | D19: 14/109 | E19: Wailord | F19: Water | G19: - | H19: - | I19: Y
C20: Rare | D20: 15/109 | E20: Blaziken | F20: Fire | G20: - | H20: - | I20: Y
C21: Rare | D21: 16/109 | E21: Breloom | F21: Grass | G21: - | H21: - | I21: Y
C22: Rare | D22: 17/109 | E22: Donphan | F22: Fighting | G22: - | H22: - | I22: Y
C23: Rare | D23: 18/109 | E23: Nosepass | F23: Fighting | G23: - | H23: - | I23: Y
C24: Rare | D24: 19/109 | E24: Pelipper | F24: Water | G24: - | H24: - | I24: Y
C25: Rare | D25: 20/109 | E25: Sceptile | F25: Grass | G25: - | H25: - | I25: Y
... C48: Uncommon | D48: 43/109 | E48: Silcoon | F48: Grass | G48: - | H48: - | I48: Y
C49: Uncommon | D49: 44/109 | E49: Skitty | F49: Colorless | G49: - | H49: -
B50: 1UW1H27001361 | C50: Uncommon | D50: 45/109 | E50: Slakoth | F50: Colorless | G50: - | H50: - | I50: Y | P50: reverse
C51: Uncommon | D51: 46/109 | E51: Swellow | F51: Colorless | G51: - | H51: - | I51: Y
C52: Uncommon | D52: 47/109 | E52: Vigoroth | F52: Colorless | G52: - | H52: - | I52: Y
C53: Uncommon | D53: 48/109 | E53: Wailmer | F53: Water | G53: - | H53: - | I53: Y
C54: Common | D54: 49/109 | E54: Aron | F54: Metal | G54: - | H54: - | I54: Y
C55: Common | D55: 50/109 | E55: Aron | F55: Metal | G55: - | H55: - | I55: Y
C56: Common | D56: 51/109 | E56: Carvanha | F56: Water | G56: - | H56: - | I56: Y
C57: Common | D57: 52/109 | E57: Electrike | F57: Lightning | G57: - | H57: - | I57: Y
C58: Common | D58: 53/109 | E58: Electrike | F58: Lightning | G58: - | H58: - | I58: Y
C59: Common | D59: 54/109 | E59: Koffing | F59: Grass | G59: - | H59: - | I59: Y
C60: Common | D60: 55/109 | E60: Goldeen | F60: Water | G60: - | H60: - | I60: Y
C61: Common | D61: 56/109 | E61: Makuhita | F61: Fighting | G61: - | H61: - | I61: Y
C62: Common | D62: 57/109 | E62: Makuhita | F62: Fighting | G62: - | H62: - | I62: Y
... C104: Rare Holo ex | D104: 99/109 | E104: Lapras ex | F104: Water | G104: - | H104: - | I104: Y
C105: Rare Holo ex | D105: 100/109 | E105: Magmar ex | F105: Fire | G105: - | H105: -
C106: Rare Holo ex | D106: 101/109 | E106: Mewtwo ex | F106: Psychic | G106: - | H106: -
C107: Rare Holo ex | D107: 102/109 | E107: Scyther ex | F107: Grass | G107: - | H107: - | I107: Y
C108: Rare Holo ex | D108: 103/109 | E108: Sneasel ex | F108: Darkness | G108: - | H108: - | I108: Y
C109: Common | D109: 104/109 | E109: Grass Energy | F109: Grass E | G109: - | H109: - | I109: Y
C110: Common | D110: 105/109 | E110: Fighting Energy | F110: Fighting E | G110: - | H110: - | I110: Y
C111: Common | D111: 106/109 | E111: Water Energy | F111: Water E | G111: - | H111: - | I111: Y
C112: Common | D112: 107/109 | E112: Psychic Energy | F112: Psychic E | G112: - | H112: - | I112: Y
C113: Common | D113: 108/109 | E113: Fire Energy | F113: Fire E | G113: - | H113: - | I113: Y
C114: Common | D114: 109/109 | E114: Lightning Energy | F114: Lightning E | G114: - | H114: - | I114: Y

Sheet EX_SANDSTORM
B2: HOME | C2: Link | D2: https://bulbapedia.bulbagarden.net/wiki/EX_Sandstorm_(TCG)
C3: Card set name | D3: EX Sandstorm
C5: Rarity | D5: No. | E5: Card name | F5: Type | G5: Promotion | H5: Quantity | I5: yes/no | J5: Language | K5: 1st edition | L5: Stamped | M5: Reverse Holo | N5: Condition | O5: Estimated Value | P5: Notes
B6: 1UW1H27001361 | C6: Rare Holo | D6: 1/100 | E6: Armaldo | F6: Fighting | G6: - | H6: - | I6: Y | P6: reverse
B7: 1UW1H27001361 | C7: Rare Holo | D7: 2/100 | E7: Cacturne | F7: Grass | G7: - | H7: - | I7: Y | P7: reverse
C8: Rare Holo | D8: 3/100 | E8: Cradily | F8: Grass | G8: - | H8: - | I8: Y
C9: Rare Holo | D9: 4/100 | E9: Dusclops | F9: Psychic | G9: - | H9: - | I9: Y
B10: 1UW1H27001361 | C10: Rare Holo | D10: 5/100 | E10: Flareon | F10: Fire | G10: - | H10: - | I10: Y | P10: reverse
C11: Rare Holo | D11: 6/100 | E11: Jolteon | F11: Lightning | G11: - | H11: -
C12: Rare Holo | D12: 7/100 | E12: Ludicolo | F12: Water | G12: - | H12: - | I12: Y
C13: Rare Holo | D13: 8/100 | E13: Lunatone | F13: Psychic | G13: - | H13: -
C14: Rare Holo | D14: 9/100 | E14: Mawile | F14: Metal | G14: - | H14: -
C15: Rare Holo | D15: 10/100 | E15: Sableye | F15: Darkness | G15: - | H15: - | I15: Y
C16: Rare Holo | D16: 11/100 | E16: Seviper | F16: Grass | G16: - | H16: -
C17: Rare Holo | D17: 12/100 | E17: Shiftry | F17: Grass | G17: - | H17: -
C18: Rare Holo | D18: 13/100 | E18: Solrock | F18: Fighting | G18: - | H18: -
C19: Rare Holo | D19: 14/100 | E19: Zangoose | F19: Colorless | G19: - | H19: -
C20: Rare | D20: 15/100 | E20: Arcanine | F20: Fire | G20: - | H20: - | I20: Y
B21: 1UW1H27001361 | C21: Rare | D21: 16/100 | E21: Espeon | F21: Psychic | G21: - | H21: - | I21: Y
C22: Rare | D22: 17/100 | E22: Golduck | F22: Water | G22: - | H22: - | I22: Y
C23: Rare | D23: 18/100 | E23: Kecleon | F23: Colorless | G23: - | H23: - | I23: Y
C24: Rare | D24: 19/100 | E24: Omastar | F24: Water | G24: - | H24: - | I24: Y
C25: Rare | D25: 20/100 | E25: Pichu | F25: Lightning | G25: - | H25: - | I25: Y
C26: Rare | D26: 21/100 | E26: Sandslash | F26: Fighting | G26: - | H26: -
C27: Rare | D27: 22/100 | E27: Shiftry | F27: Grass | G27: - | H27: - | I27: Y
C28: Rare | D28: 23/100 | E28: Steelix | F28: Metal | G28: - | H28: - | I28: Y
C29: Rare | D29: 24/100 | E29: Umbreon | F29: Darkness | G29: - | H29: -
C30: Rare | D30: 25/100 | E30: Vaporeon | F30: Water | G30: - | H30: - | I30: Y
C31: Rare | D31: 26/100 | E31: Wobbuffet | F31: Psychic | G31: - | H31: - | I31: Y
C32: Uncommon | D32: 27/100 | E32: Anorith | F32: Fighting | G32: - | H32: -
C33: Uncommon | D33: 28/100 | E33: Anorith | F33: Fighting | G33: - | H33: -
C34: Uncommon | D34: 29/100 | E34: Arbok | F34: Grass | G34: - | H34: -
C35: Uncommon | D35: 30/100 | E35: Azumarill | F35: Water | G35: - | H35: -
C36: Uncommon | D36: 31/100 | E36: Azurill | F36: Colorless | G36: - | H36: -
C37: Uncommon | D37: 32/100 | E37: Baltoy | F37: Fighting | G37: - | H37: -
C38: Uncommon | D38: 33/100 | E38: Breloom | F38: Grass | G38: - | H38: - | I38: Y
C39: Uncommon | D39: 34/100 | E39: Delcatty | F39: Colorless | G39: - | H39: -
C40: Uncommon | D40: 35/100 | E40: Electabuzz | F40: Lightning | G40: - | H40: - | I40: Y
C41: Uncommon | D41: 36/100 | E41: Elekid | F41: Lightning | G41: - | H41: -
C42: Uncommon | D42: 37/100 | E42: Fearow | F42: Colorless | G42: - | H42: - | I42: Y
C43: Uncommon | D43: 38/100 | E43: Illumise | F43: Grass | G43: - | H43: -
C44: Uncommon | D44: 39/100 | E44: Kabuto | F44: Water | G44: - | H44: - | I44: Y
C45: Uncommon | D45: 40/100 | E45: Kirlia | F45: Psychic | G45: - | H45: -
C46: Uncommon | D46: 41/100 | E46: Lairon | F46: Metal | G46: - | H46: -
C47: Uncommon | D47: 42/100 | E47: Lileep | F47: Grass | G47: - | H47: - | I47: Y
C48: Uncommon | D48: 43/100 | E48: Lileep | F48: Grass | G48: - | H48: -
C49: Uncommon | D49: 44/100 | E49: Linoone | F49: Colorless | G49: - | H49: - | I49: Y
C50: Uncommon | D50: 45/100 | E50: Lombre | F50: Water | G50: - | H50: - | I50: Y
C51: Uncommon | D51: 46/100 | E51: Lombre | F51: Water | G51: - | H51: -
C52: Uncommon | D52: 47/100 | E52: Murkrow | F52: Darkness | G52: - | H52: -
C53: Uncommon | D53: 48/100 | E53: Nuzleaf | F53: Grass | G53: - | H53: -
C54: Uncommon | D54: 49/100 | E54: Nuzleaf | F54: Grass | G54: - | H54: -
C55: Uncommon | D55: 50/100 | E55: Pelipper | F55: Water | G55: - | H55: -
C56: Uncommon | D56: 51/100 | E56: Quilava | F56: Fire | G56: - | H56: - | I56: Y
C57: Uncommon | D57: 52/100 | E57: Vigoroth | F57: Colorless | G57: - | H57: -
C58: Uncommon | D58: 53/100 | E58: Volbeat | F58: Grass | G58: - | H58: - | I58: Y
C59: Uncommon | D59: 54/100 | E59: Wynaut | F59: Psychic | G59: - | H59: -
C60: Uncommon | D60: 55/100 | E60: Xatu | F60: Psychic | G60: - | H60: -
C61: Common | D61: 56/100 | E61: Aron | F61: Metal | G61: - | H61: -
C62: Common | D62: 57/100 | E62: Cacnea | F62: Grass | G62: - | H62: - | I62: Y
C63: Common | D63: 58/100 | E63: Cacnea | F63: Grass | G63: - | H63: -
C64: Common | D64: 59/100 | E64: Cyndaquil | F64: Fire | G64: - | H64: - | I64: Y
C65: Common | D65: 60/100 | E65: Dunsparce | F65: Colorless | G65: - | H65: - | I65: Y
C66: Common | D66: 61/100 | E66: Duskull | F66: Psychic | G66: - | H66: - | I66: Y
C67: Common | D67: 62/100 | E67: Duskull | F67: Psychic | G67: - | H67: -
C68: Common | D68: 63/100 | E68: Eevee | F68: Colorless | G68: - | H68: -
C69: Common | D69: 64/100 | E69: Ekans | F69: Grass | G69: - | H69: -
C70: Common | D70: 65/100 | E70: Growlithe | F70: Fire | G70: - | H70: - | I70: Y
C71: Common | D71: 66/100 | E71: Lotad | F71: Water | G71: - | H71: - | I71: Y
C72: Common | D72: 67/100 | E72: Lotad | F72: Water | G72: - | H72: - | I72: Y
C73: Common | D73: 68/100 | E73: Marill | F73: Water | G73: - | H73: -
C74: Common | D74: 69/100 | E74: Natu | F74: Psychic | G74: - | H74: - | I74: Y
C75: Common | D75: 70/100 | E75: Omanyte | F75: Water | G75: - | H75: -
C76: Common | D76: 71/100 | E76: Onix | F76: Fighting | G76: - | H76: - | I76: Y
C77: Common | D77: 72/100 | E77: Pikachu | F77: Lightning | G77: - | H77: - | I77: Y
C78: Common | D78: 73/100 | E78: Psyduck | F78: Water | G78: - | H78: -
C79: Common | D79: 74/100 | E79: Ralts | F79: Psychic | G79: - | H79: -
C80: Common | D80: 75/100 | E80: Sandshrew | F80: Fighting | G80: - | H80: -
C81: Common | D81: 76/100 | E81: Seedot | F81: Grass | G81: - | H81: - | I81: Y
C82: Common | D82: 77/100 | E82: Seedot | F82: Grass | G82: - | H82: -
C83: Common | D83: 78/100 | E83: Shroomish | F83: Grass | G83: - | H83: - | I83: Y
C84: Common | D84: 79/100 | E84: Skitty | F84: Colorless | G84: - | H84: -
C85: Common | D85: 80/100 | E85: Slakoth | F85: Colorless | G85: - | H85: - | I85: Y
C86: Common | D86: 81/100 | E86: Spearow | F86: Colorless | G86: - | H86: - | I86: Y
C87: Common | D87: 82/100 | E87: Trapinch | F87: Fighting | G87: - | H87: - | I87: Y
C88: Common | D88: 83/100 | E88: Wailmer | F88: Water | G88: - | H88: - | I88: Y
C89: Common | D89: 84/100 | E89: Wingull | F89: Water | G89: - | H89: -
C90: Common | D90: 85/100 | E90: Zigzagoon | F90: Colorless | G90: - | H90: - | I90: Y
C91: Uncommon | D91: 86/100 | E91: Double Full Heal | F91: T | G91: - | H91: - | I91: Y
C92: Uncommon | D92: 87/100 | E92: Lanette's Net Search | F92: T [Su] | G92: - | H92: - | I92: Y
C93: Uncommon | D93: 88/100 | E93: Rare Candy | F93: T | G93: - | H93: -
C94: Uncommon | D94: 89/100 | E94: Wally's Training | F94: T [Su] | G94: - | H94: -
C95: Common | D95: 90/100 | E95: Claw Fossil | F95: T | G95: - | H95: - | I95: Y
C96: Common | D96: 91/100 | E96: Mysterious Fossil | F96: T | G96: - | H96: -
C97: Common | D97: 92/100 | E97: Root Fossil | F97: T | G97: - | H97: -
C98: Rare | D98: 93/100 | E98: Multi Energy | F98: Rainbow E | G98: - | H98: - | I98: Y
C99: Rare Holo ex | D99: 94/100 | E99: Aerodactyl ex | F99: Colorless | G99: - | H99: -
C100: Rare Holo ex | D100: 95/100 | E100: Aggron ex | F100: Metal | G100: - | H100: -
C101: Rare Holo ex | D101: 96/100 | E101: Gardevoir ex | F101: Psychic | G101: - | H101: - | I101: Y
C102: Rare Holo ex | D102: 97/100 | E102: Kabutops ex | F102: Water | G102: - | H102: -
...

Sheet EX_DRAGON
B2: HOME | C2: Link | D2: https://bulbapedia.bulbagarden.net/wiki/EX_Dragon_(TCG)
C3: Card set name | D3: EX Dragon
C5: Rarity | D5: No. | E5: Card name | F5: Type | G5: Promotion | H5: Quantity | I5: yes/no | J5: Language | K5: 1st edition | L5: Stamped | M5: Reverse Holo | N5: Condition | O5: Estimated Value | P5: Notes
C6: Rare Holo | D6: 1/97 | E6: Absol | F6: Darkness | G6: - | H6: -
C7: Rare Holo | D7: 2/97 | E7: Altaria | F7: Colorless | G7: - | H7: -
B8: 1UW1H27001361 | C8: Rare Holo | D8: 3/97 | E8: Crawdaunt | F8: Water | G8: - | H8: - | I8: Y
C9: Rare Holo | D9: 4/97 | E9: Flygon | F9: Colorless | G9: - | H9: - | I9: Y
C10: Rare Holo | D10: 5/97 | E10: Golem | F10: Fighting | G10: - | H10: - | I10: Y
C11: Rare Holo | D11: 6/97 | E11: Grumpig | F11: Psychic | G11: - | H11: - | I11: Y
C12: Rare Holo | D12: 7/97 | E12: Minun | F12: Lightning | G12: - | H12: -
B13: 1UW1H27001361 | C13: Rare Holo | D13: 8/97 | E13: Plusle | F13: Lightning | G13: - | H13: - | I13: Y
C14: Rare Holo | D14: 9/97 | E14: Roselia | F14: Grass | G14: - | H14: - | I14: Y
C15: Rare Holo | D15: 10/97 | E15: Salamence | F15: Colorless | G15: - | H15: -
C16: Rare Holo | D16: 11/97 | E16: Shedinja | F16: Grass | G16: - | H16: -
C17: Rare Holo | D17: 12/97 | E17: Torkoal | F17: Fire | G17: - | H17: - | I17: Y
C18: Rare | D18: 13/97 | E18: Crawdaunt | F18: Water | G18: - | H18: - | I18: Y
C19: Rare | D19: 14/97 | E19: Dragonair | F19: Colorless | G19: - | H19: - | I19: Y
C20: Rare | D20: 15/97 | E20: Flygon | F20: Colorless | G20: - | H20: - | I20: Y
C21: Rare | D21: 16/97 | E21: Girafarig | F21: Psychic | G21: - | H21: - | I21: Y
C22: Rare | D22: 17/97 | E22: Magneton | F22: Lightning | G22: - | H22: - | I22: Y
C23: Rare | D23: 18/97 | E23: Ninjask | F23: Grass | G23: - | H23: - | I23: Y
C24: Rare | D24: 19/97 | E24: Salamence | F24: Colorless | G24: - | H24: - | I24: Y
C25: Rare | D25: 20/97 | E25: Shelgon | F25: Colorless | G25: - | H25: - | I25: Y
C26: Rare | D26: 21/97 | E26: Skarmory | F26: Metal | G26: - | H26: - | I26: Y
C27: Rare | D27: 22/97 | E27: Vibrava | F27: Colorless | G27: - | H27: - | I27: Y
C28: Uncommon | D28: 23/97 | E28: Bagon | F28: Colorless | G28: - | H28: - | I28: Y
C29: Uncommon | D29: 24/97 | E29: Camerupt | F29: Fire | G29: - | H29: - | I29: Y | J29: prova | K29: prova | L29: prova
C30: Uncommon | D30: 25/97 | E30: Combusken | F30: Fire | G30: - | H30: - | I30: Y
C31: Uncommon | D31: 26/97 | E31: Dratini | F31: Colorless | G31: - | H31: - | I31: Y
C32: Uncommon | D32: 27/97 | E32: Flaaffy | F32: Lightning | G32: - | H32: - | I32: Y
C33: Uncommon | D33: 28/97 | E33: Forretress | F33: Metal | G33: - | H33: - | I33: Y
C34: Uncommon | D34: 29/97 | E34: Graveler | F34: Fighting | G34: - | H34: - | I34: Y
C35: Uncommon | D35: 30/97 | E35: Graveler | F35: Fighting | G35: - | H35: - | I35: Y
C36: Uncommon | D36: 31/97 | E36: Grovyle | F36: Grass | G36: - | H36: - | I36: Y
C37: Uncommon | D37: 32/97 | E37: Gyarados | F37: Water | G37: - | H37: - | J37: prova | K37: prova | L37: prova
C38: Uncommon | D38: 33/97 | E38: Horsea | F38: Water | G38: - | H38: -
C39: Uncommon | D39: 34/97 | E39: Houndoom | F39: Darkness | G39: - | H39: - | I39: Y
C40: Uncommon | D40: 35/97 | E40: Magneton | F40: Lightning | G40: - | H40: - | I40: Y
C41: Uncommon | D41: 36/97 | E41: Marshtomp | F41: Water | G41: - | H41: - | I41: Y
C42: Uncommon | D42: 37/97 | E42: Meditite | F42: Fighting | G42: - | H42: - | I42: Y
C43: Uncommon | D43: 38/97 | E43: Ninjask | F43: Grass | G43: - | H43: - | I43: Y
C44: Uncommon | D44: 39/97 | E44: Seadra | F44: Water | G44: - | H44: - | I44: Y
C45: Uncommon | D45: 40/97 | E45: Seadra | F45: Water | G45: - | H45: - | I45: Y
C46: Uncommon | D46: 41/97 | E46: Shelgon | F46: Colorless | G46: - | H46: - | I46: Y
C47: Uncommon | D47: 42/97 | E47: Shelgon | F47: Colorless | G47: - | H47: -
C48: Uncommon | D48: 43/97 | E48: Shuppet | F48: Psychic | G48: - | H48: - | I48: Y
C49: Uncommon | D49: 44/97 | E49: Snorunt | F49: Water | G49: - | H49: - | I49: Y
C50: Uncommon | D50: 45/97 | E50: Swellow | F50: Colorless | G50: - | H50: - | I50: Y
C51: Uncommon | D51: 46/97 | E51: Vibrava | F51: Colorless | G51: - | H51: - | I51: Y
C52: Uncommon | D52: 47/97 | E52: Vibrava | F52: Colorless | G52: - | H52: - | I52: Y
C53: Uncommon | D53: 48/97 | E53: Whiscash | F53: Water | G53: - | H53: - | I53: Y
C54: Common | D54: 49/97 | E54: Bagon | F54: Colorless | G54: - | H54: - | I54: Y
C55: Common | D55: 50/97 | E55: Bagon | F55: Colorless | G55: - | H55: - | I55: Y
C56: Common | D56: 51/97 | E56: Barboach | F56: Water | G56: - | H56: - | I56: Y
C57: Common | D57: 52/97 | E57: Corphish | F57: Water | G57: - | H57: - | I57: Y
C58: Common | D58: 53/97 | E58: Corphish | F58: Water | G58: - | H58: - | I58: Y
C59: Common | D59: 54/97 | E59: Corphish | F59: Water | G59: - | H59: - | I59: Y
... C84: Common | D84: 79/97 | E84: Trapinch | F84: Fighting | G84: - | H84: - | I84: Y
C85: Common | D85: 80/97 | E85: Treecko | F85: Grass | G85: - | H85: -
C86: Common | D86: 81/97 | E86: Wurmple | F86: Grass | G86: - | H86: - | I86: Y
C87: Uncommon | D87: 82/97 | E87: Balloon Berry | F87: T [PT] | G87: - | H87: - | I87: Y
C88: Uncommon | D88: 83/97 | E88: Buffer Piece | F88: T [PT] | G88: - | H88: - | I88: Y
C89: Uncommon | D89: 84/97 | E89: Energy Recycle System | F89: T | G89: - | H89: -
C90: Uncommon | D90: 85/97 | E90: High Pressure System | F90: T [St] | G90: - | H90: - | I90: Y
C91: Uncommon | D91: 86/97 | E91: Low Pressure System | F91: T [St] | G91: - | H91: - | I91: Y
C92: Uncommon | D92: 87/97 | E92: Mr. Briney's Compassion | F92: T [Su] | G92: - | H92: - | I92: Y
C93: Uncommon | D93: 88/97 | E93: TV Reporter | F93: T [Su] | G93: - | H93: - | I93: Y
C94: Rare Holo ex | D94: 89/97 | E94: Ampharos ex | F94: Lightning | G94: - | H94: -
C95: Rare Holo ex | D95: 90/97 | E95: Dragonite ex | F95: Colorless | G95: - | H95: - | I95: Y
C96: Rare Holo ex | D96: 91/97 | E96: Golem ex | F96: Fighting | G96: - | H96: -
C97: Rare Holo ex | D97: 92/97 | E97: Kingdra ex | F97: Water | G97: - | H97: - | I97: Y
C98: Rare Holo ex | D98: 93/97 | E98: Latias ex | F98: Colorless | G98: - | H98: - | I98: Y
C99: Rare Holo ex | D99: 94/97 | E99: Latios ex | F99: Colorless | G99: - | H99: - | I99: Y
C100: Rare Holo ex | D100: 95/97 | E100: Magcargo ex | F100: Fire | G100: - | H100: - | I100: Y
C101: Rare Holo ex | D101: 96/97 | E101: Muk ex | F101: Grass | G101: - | H101: -
C102: Rare Holo ex | D102: 97/97 | E102: Rayquaza ex | F102: Colorless | G102: - | H102: - | I102: Y
C103: Rare Secret | D103: 98/97 | E103: Charmander | F103: Fire | G103: - | H103: -
C104: Rare Secret | D104: 99/97 | E104: Charmeleon | F104: Fire | G104: - | H104: -
C105: Rare Secret | D105: 100/97 | E105: Charizard | F105: Fire | G105: - | H105: -

Sheet EX_TEAM_MAGMA_ACQUA
B2: HOME | C2: Link | D2: https://bulbapedia.bulbagarden.net/wiki/EX_Team_Magma_vs_Team_Aqua_(TCG)
C3: Card set name | D3: EX Team Magma vs Team Aqua
C5: Rarity | D5: No. | E5: Card name | F5: Type | G5: Promotion | H5: Quantity | I5: yes/no | J5: Language | K5: 1st edition | L5: Stamped | M5: Reverse Holo | N5: Condition | O5: Estimated Value | P5: Notes
C6: Rare Holo | D6: 1/95 | E6: Team Aqua's Cacturne | F6: GrassDarkness | G6: - | H6: - | I6: Y
C7: Rare Holo | D7: 2/95 | E7: Team Aqua's Crawdaunt | F7: WaterDarkness | G7: - | H7: -
C8: Rare Holo | D8: 3/95 | E8: Team Aqua's Kyogre | F8: WaterDarkness | G8: - | H8: - | I8: Y
C9: Rare Holo | D9: 4/95 | E9: Team Aqua's Manectric | F9: LightningDarkness | G9: - | H9: - | I9: Y
C10: Rare Holo | D10: 5/95 | E10: Team Aqua's Sharpedo | F10: WaterDarkness | G10: - | H10: - | I10: Y
C11: Rare Holo | D11: 6/95 | E11: Team Aqua's Walrein | F11: WaterDarkness | G11: - | H11: - | I11: Y
C12: Rare Holo | D12: 7/95 | E12: Team Magma's Aggron | F12: FightingDarkness | G12: - | H12: - | I12: Y
C13: Rare Holo | D13: 8/95 | E13: Team Magma's Claydol | F13: PsychicDarkness | G13: - | H13: -
C14: Rare Holo | D14: 9/95 | E14: Team Magma's Groudon | F14: FightingDarkness | G14: - | H14: - | I14: Y
B15: 1UW1H27001361 | C15: Rare Holo | D15: 10/95 | E15: Team Magma's Houndoom | F15: FireDarkness | G15: - | H15: - | I15: Y
C16: Rare Holo | D16: 11/95 | E16: Team Magma's Rhydon | F16: FightingDarkness | G16: - | H16: - | I16: Y
C17: Rare Holo | D17: 12/95 | E17: Team Magma's Torkoal | F17: FireDarkness | G17: - | H17: -
C18: Rare | D18: 13/95 | E18: Raichu | F18: Lightning | G18: - | H18: - | I18: Y
C19: Rare | D19: 14/95 | E19: Team Aqua's Crawdaunt | F19: Water | G19: - | H19: - | I19: Y
C20: Rare | D20: 15/95 | E20: Team Aqua's Mightyena | F20: Darkness | G20: - | H20: - | I20: Y
C21: Rare | D21: 16/95 | E21: Team Aqua's Sealeo | F21: Water | G21: - | H21: - | I21: Y
C22: Rare | D22: 17/95 | E22: Team Aqua's Seviper | F22: Grass | G22: - | H22: -
C23: Rare | D23: 18/95 | E23: Team Aqua's Sharpedo | F23: Water | G23: - | H23: - | I23: Y
C24: Rare | D24: 19/95 | E24: Team Magma's Camerupt | F24: Fire | G24: - | H24: - | I24: Y
C25: Rare | D25: 20/95 | E25: Team Magma's Lairon | F25: Fighting | G25: - | H25: -
C26: Rare | D26: 21/95 | E26: Team Magma's Mightyena | F26: Darkness | G26: - | H26: -
C27: Rare | D27: 22/95 | E27: Team Magma's Rhydon | F27: Fighting | G27: - | H27: - | I27: Y
C28: Rare | D28: 23/95 | E28: Team Magma's Zangoose | F28: Colorless | G28: - | H28: - | I28: Y
C29: Uncommon | D29: 24/95 | E29: Team Aqua's Cacnea | F29: GrassDarkness | G29: - | H29: - | I29: Y
C30: Uncommon | D30: 25/95 | E30: Team Aqua's Carvanha | F30: Water | G30: - | H30: - | I30: Y
C31: Uncommon | D31: 26/95 | E31: Team Aqua's Corphish | F31: Water | G31: - | H31: -
C32: Uncommon | D32: 27/95 | E32: Team Aqua's Electrike | F32: Lightning | G32: - | H32: -
C33: Uncommon | D33: 28/95 | E33: Team Aqua's Lanturn | F33: Lightning | G33: - | H33: - | I33: Y
C34: Uncommon | D34: 29/95 | E34: Team Aqua's Manectric | F34: Lightning | G34: - | H34: - | I34: Y
C35: Uncommon | D35: 30/95 | E35: Team Aqua's Mightyena | F35: Darkness | G35: - | H35: - | I35: Y
C36: Uncommon | D36: 31/95 | E36: Team Aqua's Sealeo | F36: Water | G36: - | H36: - | I36: Y
C37: Uncommon | D37: 32/95 | E37: Team Magma's Baltoy | F37: Psychic | G37: - | H37: - | I37: Y
C38: Uncommon | D38: 33/95 | E38: Team Magma's Claydol | F38: Fighting | G38: - | H38: - | I38: Y
C39: Uncommon | D39: 34/95 | E39: Team Magma's Houndoom | F39: Fire | G39: - | H39: - | I39: Y
C40: Uncommon | D40: 35/95 | E40: Team Magma's Houndour | F40: Fire | G40: - | H40: - | I40: Y
C41: Uncommon | D41: 36/95 | E41: Team Magma's Lairon | F41: Fighting | G41: - | H41: - | I41: Y
C42: Uncommon | D42: 37/95 | E42: Team Magma's Mightyena | F42: Darkness | G42: - | H42: - | I42: Y
C43: Uncommon | D43: 38/95 | E43: Team Magma's Rhyhorn | F43: Fighting | G43: - | H43: -
C44: Common | D44: 39/95 | E44: Bulbasaur | F44: Grass | G44: - | H44: - | I44: Y
C45: Common | D45: 40/95 | E45: Cubone | F45: Fighting | G45: - | H45: - | I45: Y
C46: Common | D46: 41/95 | E46: Jigglypuff | F46: Colorless | G46: - | H46: -
C47: Common | D47: 42/95 | E47: Meowth | F47: Colorless | G47: - | H47: - | I47: Y
C48: Common | D48: 43/95 | E48: Pikachu | F48: Lightning | G48: - | H48: - | I48: Y
C49: Common | D49: 44/95 | E49: Psyduck | F49: Water | G49: - | H49: - | I49: Y
C50: Common | D50: 45/95 | E50: Slowpoke | F50: Psychic | G50: - | H50: - | I50: Y
C51: Common | D51: 46/95 | E51: Squirtle | F51: Water | G51: - | H51: - | I51: Y
C52: Common | D52: 47/95 | E52: Team Aqua's Carvanha | F52: Water | G52: - | H52: - | I52: Y
C53: Common | D53: 48/95 | E53: Team Aqua's Carvanha | F53: Water | G53: - | H53: - | I53: Y
C54: Common | D54: 49/95 | E54: Team Aqua's Chinchou | F54: Lightning | G54: - | H54: - | I54: Y
C55: Common | D55: 50/95 | E55: Team Aqua's Corphish | F55: Water | G55: - | H55: - | I55: Y
C56: Common | D56: 51/95 | E56: Team Aqua's Corphish | F56: Water | G56: - | H56: - | I56: Y
C57: Common | D57: 52/95 | E57: Team Aqua's Electrike | F57: Lightning | G57: - | H57: - | I57: Y
C58: Common | D58: 53/95 | E58: Team Aqua's Electrike | F58: Lightning | G58: - | H58: - | I58: Y
... C65: Common | D65: 60/95 | E65: Team Magma's Baltoy | F65: Fighting | G65: - | H65: - | I65: Y
C66: Common | D66: 61/95 | E66: Team Magma's Baltoy | F66: Fighting | G66: - | H66: -
C67: Common | D67: 62/95 | E67: Team Magma's Houndour | F67: Fire | G67: - | H67: - | I67: Y
C68: Common | D68: 63/95 | E68: Team Magma's Houndour | F68: Fire | G68: - | H68: - | I68: Y
C69: Common | D69: 64/95 | E69: Team Magma's Numel | F69: Fire | G69: - | H69: - | I69: Y
C70: Common | D70: 65/95 | E70: Team Magma's Poochyena | F70: Darkness | G70: - | H70: - | I70: Y
C71: Common | D71: 66/95 | E71: Team Magma's Poochyena | F71: Darkness | G71: - | H71: - | I71: Y
C72: Common | D72: 67/95 | E72: Team Magma's Rhyhorn | F72: Fighting | G72: - | H72: - | I72: Y
C73: Common | D73: 68/95 | E73: Team Magma's Rhyhorn | F73: Fighting | G73: - | H73: - | I73: Y
C74: Common | D74: 69/95 | E74: Team Aqua Schemer | F74: T [Su] | G74: - | H74: -
C75: Common | D75: 70/95 | E75: Team Magma Schemer | F75: T [Su] | G75: - | H75: - | I75: Y
C76: Uncommon | D76: 71/95 | E76: Archie | F76: T [Su] | G76: - | H76: - | I76: Y
C77: Uncommon | D77: 72/95 | E77: Dual Ball | F77: T | G77: - | H77: -
C78: Uncommon | D78: 73/95 | E78: Maxie | F78: T [Su] | G78: - | H78: - | I78: Y
C79: Uncommon | D79: 74/95 | E79: Strength Charm | F79: T [PT] | G79: - | H79: - | I79: Y
C80: Uncommon | D80: 75/95 | E80: Team Aqua Ball | F80: T | G80: - | H80: -
C81: Uncommon | D81: 76/95 | E81: Team Aqua Belt | F81: T [PT] | G81: - | H81: -
C82: Uncommon | D82: 77/95 | E82: Team Aqua Conspirator | F82: T [Su] | G82: - | H82: - | I82: Y
C83: Uncommon | D83: 78/95 | E83: Team Aqua Hideout | F83: T [St] | G83: - | H83: -
C84: Uncommon | D84: 79/95 | E84: Team Aqua Technical Machine 01 | F84: T [TM] | G84: - | H84: -
C85: Uncommon | D85: 80/95 | E85: Team Magma Ball | F85: T | G85: - | H85: - | I85: Y
C86: Uncommon | D86: 81/95 | E86: Team Magma Belt | F86: T [PT] | G86: - | H86: - | I86: Y
C87: Uncommon | D87: 82/95 | E87: Team Magma Conspirator | F87: T [Su] | G87: - | H87: - | I87: Y
C88: Uncommon | D88: 83/95 | E88: Team Magma Hideout | F88: T [St] | G88: - | H88: - | I88: Y
C89: Uncommon | D89: 84/95 | E89: Team Magma Technical Machine 01 | F89: T [TM] | G89: - | H89: -
C90: Uncommon | D90: 85/95 | E90: Warp Point | F90: T | G90: - | H90: - | I90: Y
C91: Uncommon | D91: 86/95 | E91: Aqua Energy | F91: Water E | G91: - | H91: - | I91: Y
C92: Uncommon | D92: 87/95 | E92: Magma Energy | F92: Fighting E | G92: - | H92: -
C93: Rare | D93: 88/95 | E93: Double Rainbow Energy | F93: Rainbow E | G93: - | H93: - | I93: Y
C94: Rare Holo ex | D94: 89/95 | E94: Blaziken ex | F94: Fire | G94: - | H94: -
C95: Rare Holo ex | D95: 90/95 | E95: Cradily ex | F95: Grass | G95: - | H95: -
C96: Rare Holo ex | D96: 91/95 | E96: Entei ex | F96: Fire | G96: - | H96: -
C97: Rare Holo ex | D97: 92/95 | E97: Raikou ex | F97: Lightning | G97: - | H97: -
C98: Rare Holo ex | D98: 93/95 | E98: Sceptile ex | F98: Grass | G98: - | H98: -
C99: Rare Holo ex | D99: 94/95 | E99: Suicune ex | F99: Water | G99: - | H99: -
C100: Rare Holo ex | D100: 95/95 | E100: Swampert ex | F100: Fighting | G100: - | H100: -
C101: Rare Secret | D101: 96/95 | E101: Absol | F101: Darkness | G101: - | H101: -
C102: Rare Secret | D102: 97/95 | E102: Jirachi | F102: Psychic | G102: - | H102: - | I102: Y

Sheet EX_HIDDEN_LEGENDS
B2: HOME | C2: Link | D2: https://bulbapedia.bulbagarden.net/wiki/EX_Hidden_Legends_(TCG)
C3: Card set name | D3: EX Hidden Legends
C5: Rarity | D5: No. | E5: Card name | F5: Type | G5: Promotion | H5: Quantity | I5: yes/no | J5: Language | K5: 1st edition | L5: Stamped | M5: Reverse Holo | N5: Condition | O5: Estimated Value | P5: Notes
C6: Rare Holo | D6: 1/101 | E6: Banette | F6: Psychic | G6: - | H6: - | I6: Y
C7: Rare Holo | D7: 2/101 | E7: Claydol | F7: Psychic | G7: - | H7: -
C8: Rare Holo | D8: 3/101 | E8: Crobat | F8: Grass | G8: - | H8: -
C9: Rare Holo | D9: 4/101 | E9: Dark Celebi | F9: GrassDarkness | G9: - | H9: - | I9: Y
C10: Rare Holo | D10: 5/101 | E10: Electrode | F10: Lightning | G10: - | H10: -
C11: Rare Holo | D11: 6/101 | E11: Exploud | F11: Colorless | G11: - | H11: - | I11: Y
C12: Rare Holo | D12: 7/101 | E12: Heracross | F12: Grass | G12: - | H12: - | I12: Y
C13: Rare Holo | D13: 8/101 | E13: Jirachi | F13: PsychicMetal | G13: - | H13: - | I13: Y
C14: Rare Holo | D14: 9/101 | E14: Machamp | F14: Fighting | G14: - | H14: -
C15: Rare Holo | D15: 10/101 | E15: Medicham | F15: Fighting | G15: - | H15: - | I15: Y
C16: Rare Holo | D16: 11/101 | E16: Metagross | F16: PsychicMetal | G16: - | H16: -
C17: Rare Holo | D17: 12/101 | E17: Milotic | F17: Water | G17: - | H17: -
C18: Rare Holo | D18: 13/101 | E18: Pinsir | F18: Grass | G18: - | H18: -
C19: Rare Holo | D19: 14/101 | E19: Shiftry | F19: Darkness | G19: - | H19: -
C20: Rare Holo | D20: 15/101 | E20: Walrein | F20: Water | G20: - | H20: - | I20: Y
C21: Rare | D21: 16/101 | E21: Bellossom | F21: Grass | G21: - | H21: - | I21: Y
C22: Rare | D22: 17/101 | E22: Chimecho | F22: Psychic | G22: - | H22: - | I22: Y
C23: Rare | D23: 18/101 | E23: Gorebyss | F23: Water | G23: - | H23: - | I23: Y
C24: Rare | D24: 19/101 | E24: Huntail | F24: Water | G24: - | H24: - | I24: Y
C25: Rare | D25: 20/101 | E25: Masquerain | F25: Grass | G25: - | H25: - | I25: Y
C26: Rare | D26: 21/101 | E26: Metang | F26: Metal | G26: - | H26: - | I26: Y
C27: Rare | D27: 22/101 | E27: Ninetales | F27: Fire | G27: - | H27: - | I27: Y
C28: Rare | D28: 23/101 | E28: Rain Castform | F28: Water | G28: - | H28: - | I28: Y
C29: Rare | D29: 24/101 | E29: Relicanth | F29: Water | G29: - | H29: - | I29: Y
C30: Rare | D30: 25/101 | E30: Snow-cloud Castform | F30: Water | G30: - | H30: -
C31: Rare | D31: 26/101 | E31: Sunny Castform | F31: Fire | G31: - | H31: -
C32: Rare | D32: 27/101 | E32: Tropius | F32: Grass | G32: - | H32: - | I32: Y
C33: Uncommon | D33: 28/101 | E33: Beldum | F33: Metal | G33: - | H33: -
C34: Uncommon | D34: 29/101 | E34: Beldum | F34: Metal | G34: - | H34: - | I34: Y
B35: 1UW1H27001361 | C35: Uncommon | D35: 30/101 | E35: Castform | F35: Colorless | G35: - | H35: - | I35: Y
C36: Uncommon | D36: 31/101 | E36: Claydol | F36: Fighting | G36: - | H36: - | I36: Y
C37: Uncommon | D37: 32/101 | E37: Corsola | F37: Water | G37: - | H37: - | I37: Y
C38: Uncommon | D38: 33/101 | E38: Dodrio | F38: Colorless | G38: - | H38: - | I38: Y
C39: Uncommon | D39: 34/101 | E39: Glalie | F39: Water | G39: - | H39: - | I39: Y
C40: Uncommon | D40: 35/101 | E40: Gloom | F40: Grass | G40: - | H40: - | I40: Y
C41: Uncommon | D41: 36/101 | E41: Golbat | F41: Grass | G41: - | H41: - | I41: Y
C42: Uncommon | D42: 37/101 | E42: Igglybuff | F42: Colorless | G42: - | H42: - | I42: Y
C43: Uncommon | D43: 38/101 | E43: Lanturn | F43: Lightning | G43: - | H43: - | I43: Y
C44: Uncommon | D44: 39/101 | E44: Loudred | F44: Colorless | G44: - | H44: - | I44: Y
C45: Uncommon | D45: 40/101 | E45: Luvdisc | F45: Water | G45: - | H45: - | I45: Y
C46: Uncommon | D46: 41/101 | E46: Machoke | F46: Fighting | G46: - | H46: - | I46: Y
C47: Uncommon | D47: 42/101 | E47: Medicham | F47: Fighting | G47: - | H47: - | I47: Y
... C81: Common | D81: 76/101 | E81: Surskit | F81: Grass | G81: - | H81: - | I81: Y
B82: 1UW1H27001361 | C82: Common | D82: 77/101 | E82: Tentacool | F82: Water | G82: - | H82: - | I82: Y
C83: Common | D83: 78/101 | E83: Togepi | F83: Colorless | G83: - | H83: - | I83: Y
C84: Common | D84: 79/101 | E84: Totodile | F84: Water | G84: - | H84: - | I84: Y
C85: Common | D85: 80/101 | E85: Voltorb | F85: Lightning | G85: - | H85: - | I85: Y
C86: Common | D86: 81/101 | E86: Vulpix | F86: Fire | G86: - | H86: - | I86: Y
C87: Common | D87: 82/101 | E87: Whismur | F87: Colorless | G87: - | H87: - | I87: Y
C88: Common | D88: 83/101 | E88: Zubat | F88: Grass | G88: - | H88: - | I88: Y
C89: Uncommon | D89: 84/101 | E89: Ancient Technical Machine [Ice] | F89: T [TM] | G89: - | H89: - | I89: Y
C90: Uncommon | D90: 85/101 | E90: Ancient Technical Machine [Rock] | F90: T [TM] | G90: - | H90: - | I90: Y
C91: Uncommon | D91: 86/101 | E91: Ancient Technical Machine [Steel] | F91: T [TM] | G91: - | H91: - | I91: Y
C92: Uncommon | D92: 87/101 | E92: Ancient Tomb | F92: T [St] | G92: - | H92: - | I92: Y
C93: Uncommon | D93: 88/101 | E93: Desert Ruins | F93: T [St] | G93: - | H93: - | I93: Y
C94: Uncommon | D94: 89/101 | E94: Island Cave | F94: T [St] | G94: - | H94: - | I94: Y
C95: Uncommon | D95: 90/101 | E95: Life Herb | F95: T | G95: - | H95: - | I95: Y
B96: 1UW1H27001361 | C96: Uncommon | D96: 91/101 | E96: Magnetic Storm | F96: T [St] | G96: - | H96: - | I96: Y
C97: Uncommon | D97: 92/101 | E97: Steven's Advice | F97: T [Su] | G97: - | H97: -
C98: Rare Holo ex | D98: 93/101 | E98: Groudon ex | F98: Fighting | G98: - | H98: -
C99: Rare Holo ex | D99: 94/101 | E99: Kyogre ex | F99: Water | G99: - | H99: -
C100: Rare Holo ex | D100: 95/101 | E100: Metagross ex | F100: Metal | G100: - | H100: -
C101: Rare Holo ex | D101: 96/101 | E101: Ninetales ex | F101: Fire | G101: - | H101: -
C102: Rare Holo ex | D102: 97/101 | E102: Regice ex | F102: Water | G102: - | H102: -
C103: Rare Holo ex | D103: 98/101 | E103: Regirock ex | F103: Fighting | G103: - | H103: -
C104: Rare Holo ex | D104: 99/101 | E104: Registeel ex | F104: Metal | G104: - | H104: -
C105: Rare Holo ex | D105: 100/101 | E105: Vileplume ex | F105: Grass | G105: - | H105: -
C106: Rare Holo ex | D106: 101/101 | E106: Wigglytuff ex | F106: Colorless | G106: - | H106: -
C107: Rare Secret | D107: 102/101 | E107: Groudon | F107: Fighting | G107: - | H107: -

Sheet EX_FIRERED_LEAFGREEN
B2: HOME | C2: Link | D2: https://bulbapedia.bulbagarden.net/wiki/EX_FireRed_%26_LeafGreen_(TCG)
C3: Card set name | D3: EX FireRed & LeafGreen
C5: Rarity | D5: No. | E5: Card name | F5: Type | G5: Promotion | H5: Quantity | I5: yes/no | J5: Language | K5: 1st edition | L5: Stamped | M5: Reverse Holo | N5: Condition | O5: Estimated Value | P5: Notes
B6: 1UW1H27001361 | C6: Rare Holo | D6: 1/112 | E6: Beedrill | F6: Grass | G6: - | H6: - | I6: Y | L6: stamped
C7: Rare Holo | D7: 2/112 | E7: Butterfree | F7: Grass | G7: - | H7: - | I7: Y
C8: Rare Holo | D8: 3/112 | E8: Dewgong | F8: Water | G8: - | H8: -
C9: Rare Holo | D9: 4/112 | E9: Ditto | F9: Colorless | G9: - | H9: -
C10: Rare Holo | D10: 5/112 | E10: Exeggutor | F10: Psychic | G10: - | H10: -
C11: Rare Holo | D11: 6/112 | E11: Kangaskhan | F11: Colorless | G11: - | H11: -
B12: 1UW1H27001361 | C12: Rare Holo | D12: 7/112 | E12: Marowak | F12: Fighting | G12: - | H12: - | I12: Y
C13: Rare Holo | D13: 8/112 | E13: Nidoking | F13: Fighting | G13: - | H13: -
C14: Rare Holo | D14: 9/112 | E14: Nidoqueen | F14: Fighting | G14: - | H14: - | I14: Y
C15: Rare Holo | D15: 10/112 | E15: Pidgeot | F15: Colorless | G15: - | H15: - | I15: Y
C16: Rare Holo | D16: 11/112 | E16: Poliwrath | F16: Water | G16: - | H16: - | I16: Y
C17: Rare Holo | D17: 12/112 | E17: Raichu | F17: Lightning | G17: - | H17: -
C18: Rare Holo | D18: 13/112 | E18: Rapidash | F18: Fire | G18: - | H18: - | I18: Y
C19: Rare Holo | D19: 14/112 | E19: Slowbro | F19: Psychic | G19: - | H19: - | I19: Y
C20: Rare Holo | D20: 15/112 | E20: Snorlax | F20: Colorless | G20: - | H20: -
C21: Rare Holo | D21: 16/112 | E21: Tauros | F21: Colorless | G21: - | H21: -
C22: Rare Holo | D22: 17/112 | E22: Victreebel | F22: Grass | G22: - | H22: -
C23: Rare | D23: 18/112 | E23: Arcanine | F23: Fire | G23: - | H23: - | I23: Y
C24: Rare | D24: 19/112 | E24: Chansey | F24: Colorless | G24: - | H24: -
C25: Rare | D25: 20/112 | E25: Cloyster | F25: Water | G25: - | H25: - | I25: Y
C26: Rare | D26: 21/112 | E26: Dodrio | F26: Colorless | G26: - | H26: - | I26: Y
C27: Rare | D27: 22/112 | E27: Dugtrio | F27: Fighting | G27: - | H27: - | I27: Y
C28: Rare | D28: 23/112 | E28: Farfetch'd | F28: Colorless | G28: - | H28: - | I28: Y
C29: Rare | D29: 24/112 | E29: Fearow | F29: Colorless | G29: - | H29: - | I29: Y
C30: Rare | D30: 25/112 | E30: Hypno | F30: Psychic | G30: - | H30: - | I30: Y
C31: Rare | D31: 26/112 | E31: Kingler | F31: Water | G31: - | H31: - | I31: Y
C32: Rare | D32: 27/112 | E32: Magneton | F32: Lightning | G32: - | H32: - | I32: Y
C33: Rare | D33: 28/112 | E33: Primeape | F33: Fighting | G33: - | H33: -
C34: Rare | D34: 29/112 | E34: Scyther | F34: Grass | G34: - | H34: -
C35: Rare | D35: 30/112 | E35: Tangela | F35: Grass | G35: - | H35: -
C36: Uncommon | D36: 31/112 | E36: Charmeleon | F36: Fire | G36: - | H36: - | I36: Y
C37: Uncommon | D37: 32/112 | E37: Drowzee | F37: Psychic | G37: - | H37: - | I37: Y
C38: Uncommon | D38: 33/112 | E38: Exeggcute | F38: Psychic | G38: - | H38: - | I38: Y
C39: Uncommon | D39: 34/112 | E39: Haunter | F39: Psychic | G39: - | H39: - | I39: Y
C40: Uncommon | D40: 35/112 | E40: Ivysaur | F40: Grass | G40: - | H40: - | I40: Y
C41: Uncommon | D41: 36/112 | E41: Kakuna | F41: Grass | G41: - | H41: - | I41: Y
C42: Uncommon | D42: 37/112 | E42: Lickitung | F42: Colorless | G42: - | H42: - | I42: Y
C43: Uncommon | D43: 38/112 | E43: Mankey | F43: Fighting | G43: - | H43: -
C44: Uncommon | D44: 39/112 | E44: Metapod | F44: Grass | G44: - | H44: -
C45: Uncommon | D45: 40/112 | E45: Nidorina | F45: Grass | G45: - | H45: - | I45: Y
C46: Uncommon | D46: 41/112 | E46: Nidorino | F46: Grass | G46: - | H46: - | I46: Y
C47: Uncommon | D47: 42/112 | E47: Onix | F47: Fighting | G47: - | H47: - | I47: Y
C48: Uncommon | D48: 43/112 | E48: Parasect | F48: Grass | G48: - | H48: -
C49: Uncommon | D49: 44/112 | E49: Persian | F49: Colorless | G49: - | H49: - | I49: Y
C50: Uncommon | D50: 45/112 | E50: Pidgeotto | F50: Colorless | G50: - | H50: - | I50: Y
C51: Uncommon | D51: 46/112 | E51: Poliwhirl | F51: Water | G51: - | H51: - | I51: Y
C52: Uncommon | D52: 47/112 | E52: Porygon | F52: Colorless | G52: - | H52: -
C53: Uncommon | D53: 48/112 | E53: Raticate | F53: Colorless | G53: - | H53: - | I53: Y
C54: Uncommon | D54: 49/112 | E54: Venomoth | F54: Grass | G54: - | H54: - | I54: Y
C55: Uncommon | D55: 50/112 | E55: Wartortle | F55: Water | G55: - | H55: - | I55: Y
C56: Uncommon | D56: 51/112 | E56: Weepinbell | F56: Grass | G56: - | H56: - | I56: Y
C57: Uncommon | D57: 52/112 | E57: Wigglytuff | F57: Colorless | G57: - | H57: - | I57: Y
C58: Common | D58: 53/112 | E58: Bellsprout | F58: Grass | G58: - | H58: - | I58: Y
C59: Common | D59: 54/112 | E59: Bulbasaur | F59: Grass | G59: - | H59: - | I59: Y
C60: Common | D60: 55/112 | E60: Bulbasaur | F60: Grass | G60: - | H60: - | I60: Y
C61: Common | D61: 56/112 | E61: Caterpie | F61: Grass | G61: - | H61: - | I61: Y
C62: Common | D62: 57/112 | E62: Charmander | F62: Fire | G62: - | H62: - | I62: Y
C63: Common | D63: 58/112 | E63: Charmander | F63: Fire | G63: - | H63: - | I63: Y
C64: Common | D64: 59/112 | E64: Clefairy | F64: Colorless | G64: - | H64: - | I64: Y
... C79: Common | D79: 74/112 | E79: Pikachu | F79: Lightning | G79: - | H79: - | I79: Y
C80: Common | D80: 75/112 | E80: Poliwag | F80: Water | G80: - | H80: -
C81: Common | D81: 76/112 | E81: Ponyta | F81: Fire | G81: - | H81: - | I81: Y
C82: Common | D82: 77/112 | E82: Rattata | F82: Colorless | G82: - | H82: - | I82: Y
C83: Common | D83: 78/112 | E83: Seel | F83: Water | G83: - | H83: - | I83: Y
C84: Common | D84: 79/112 | E84: Shellder | F84: Water | G84: - | H84: - | I84: Y
C85: Common | D85: 80/112 | E85: Slowpoke | F85: Psychic | G85: - | H85: - | I85: Y
C86: Common | D86: 81/112 | E86: Spearow | F86: Colorless | G86: - | H86: - | I86: Y
C87: Common | D87: 82/112 | E87: Squirtle | F87: Water | G87: - | H87: -
C88: Common | D88: 83/112 | E88: Squirtle | F88: Water | G88: - | H88: - | I88: Y
C89: Common | D89: 84/112 | E89: Venonat | F89: Grass | G89: - | H89: - | I89: Y
C90: Common | D90: 85/112 | E90: Voltorb | F90: Lightning | G90: - | H90: - | I90: Y
C91: Common | D91: 86/112 | E91: Weedle | F91: Grass | G91: - | H91: - | I91: Y
C92: Uncommon | D92: 87/112 | E92: Bill's Maintenance | F92: T [Su] | G92: - | H92: - | I92: Y
C93: Uncommon | D93: 88/112 | E93: Celio's Network | F93: T [Su] | G93: - | H93: - | I93: Y
C94: Uncommon | D94: 89/112 | E94: Energy Removal 2 | F94: T | G94: - | H94: - | I94: Y
C95: Uncommon | D95: 90/112 | E95: Energy Switch | F95: T | G95: - | H95: -
C96: Uncommon | D96: 91/112 | E96: EXP.ALL | F96: T [PT] | G96: - | H96: - | I96: Y
C97: Uncommon | D97: 92/112 | E97: Great Ball | F97: T | G97: - | H97: - | I97: Y
C98: Uncommon | D98: 93/112 | E98: Life Herb | F98: T | G98: - | H98: - | I98: Y
C99: Uncommon | D99: 94/112 | E99: Mt. Moon | F99: T [St] | G99: - | H99: -
C100: Uncommon | D100: 95/112 | E100: Poké Ball | F100: T | G100: - | H100: - | I100: Y
C101: Uncommon | D101: 96/112 | E101: PokéDex HANDY909 | F101: T | G101: - | H101: -
C102: Uncommon | D102: 97/112 | E102: Pokémon Reversal | F102: T | G102: - | H102: - | I102: Y
C103: Uncommon | D103: 98/112 | E103: Prof. Oak's Research | F103: T [Su] | G103: - | H103: -
C104: Uncommon | D104: 99/112 | E104: Super Scoop Up | F104: T | G104: - | H104: - | I104: Y
C105: Uncommon | D105: 100/112 | E105: VS Seeker | F105: T | G105: - | H105: -
C106: Common | D106: 101/112 | E106: Potion | F106: T | G106: - | H106: - | I106: Y
C107: Common | D107: 102/112 | E107: Switch | F107: T | G107: - | H107: - | I107: Y
C108: Rare | D108: 103/112 | E108: Multi Energy | F108: Rainbow E | G108: - | H108: - | I108: Y
C109: Rare Holo ex | D109: 104/112 | E109: Blastoise ex | F109: Water | G109: - | H109: -
C110: Rare Holo ex | D110: 105/112 | E110: Charizard ex | F110: Fire | G110: - | H110: -
C111: Rare Holo ex | D111: 106/112 | E111: Clefable ex | F111: Colorless | G111: - | H111: -
C112: Rare Holo ex | D112: 107/112 | E112: Electrode ex | F112: Lightning | G112: - | H112: -
C113: Rare Holo ex | D113: 108/112 | E113: Gengar ex | F113: Psychic | G113: - | H113: -
C114: Rare Holo ex | D114: 109/112 | E114: Gyarados ex | F114: Water | G114: - | H114: -
C115: Rare Holo ex | D115: 110/112 | E115: Mr. Mime ex | F115: Psychic | G115: - | H115: -
C116: Rare Holo ex | D116: 111/112 | E116: Mr. Mime ex | F116: Psychic | G116: - | H116: -
...

Sheet EX_TEAM_ROCKET_RETURNS
B2: HOME | C2: Link | D2: https://bulbapedia.bulbagarden.net/wiki/EX_Team_Rocket_Returns_(TCG)
C3: Card set name | D3: EX Team Rocket Returns
C5: Rarity | D5: No. | E5: Card name | F5: Type | G5: Promotion | H5: Quantity | I5: yes/no | J5: Language | K5: 1st edition | L5: Stamped | M5: Reverse Holo | N5: Condition | O5: Estimated Value | P5: Notes
C6: Rare Holo | D6: 1/109 | E6: Azumarill | F6: Water | G6: - | H6: -
C7: Rare Holo | D7: 2/109 | E7: Dark Ampharos | F7: LightningDarkness | G7: - | H7: -
C8: Rare Holo | D8: 3/109 | E8: Dark Crobat | F8: GrassDarkness | G8: - | H8: -
C9: Rare Holo | D9: 4/109 | E9: Dark Electrode | F9: LightningDarkness | G9: - | H9: -
C10: Rare Holo | D10: 5/109 | E10: Dark Houndoom | F10: FireDarkness | G10: - | H10: -
C11: Rare Holo | D11: 6/109 | E11: Dark Hypno | F11: PsychicDarkness | G11: - | H11: -
C12: Rare Holo | D12: 7/109 | E12: Dark Marowak | F12: FightingDarkness | G12: - | H12: - | I12: Y
C13: Rare Holo | D13: 8/109 | E13: Dark Octillery | F13: WaterDarkness | G13: - | H13: - | I13: Y
C14: Rare Holo | D14: 9/109 | E14: Dark Slowking | F14: PsychicDarkness | G14: - | H14: -
C15: Rare Holo | D15: 10/109 | E15: Dark Steelix | F15: DarknessMetal | G15: - | H15: -
C16: Rare Holo | D16: 11/109 | E16: Jumpluff | F16: Grass | G16: - | H16: - | I16: Y
C17: Rare Holo | D17: 12/109 | E17: Kingdra | F17: Water | G17: - | H17: -
C18: Rare Holo | D18: 13/109 | E18: Piloswine | F18: Fighting | G18: - | H18: - | I18: Y
C19: Rare Holo | D19: 14/109 | E19: Togetic | F19: Colorless | G19: - | H19: - | I19: Y
C20: Rare | D20: 15/109 | E20: Dark Dragonite | F20: Darkness | G20: - | H20: - | I20: Y
C21: Rare | D21: 16/109 | E21: Dark Muk | F21: GrassDarkness | G21: - | H21: - | I21: Y
C22: Rare | D22: 17/109 | E22: Dark Raticate | F22: Darkness | G22: - | H22: - | I22: Y
C23: Rare | D23: 18/109 | E23: Dark Sandslash | F23: FightingDarkness | G23: - | H23: - | I23: Y
C24: Rare | D24: 19/109 | E24: Dark Tyranitar | F24: Darkness | G24: - | H24: - | I24: Y
C25: Rare | D25: 20/109 | E25: Dark Tyranitar | F25: FightingDarkness | G25: - | H25: - | I25: Y
C26: Rare | D26: 21/109 | E26: Delibird | F26: Water | G26: - | H26: - | I26: Y
C27: Rare | D27: 22/109 | E27: Furret | F27: Colorless | G27: - | H27: - | I27: Y
C28: Rare | D28: 23/109 | E28: Ledian | F28: Grass | G28: - | H28: -
C29: Rare | D29: 24/109 | E29: Magby | F29: Fire | G29: - | H29: - | I29: Y
C30: Rare | D30: 25/109 | E30: Misdreavus | F30: Psychic | G30: - | H30: -
C31: Rare | D31: 26/109 | E31: Quagsire | F31: Water | G31: - | H31: - | I31: Y
C32: Rare | D32: 27/109 | E32: Qwilfish | F32: Water | G32: - | H32: -
C33: Rare | D33: 28/109 | E33: Yanma | F33: Grass | G33: - | H33: -
C34: Uncommon | D34: 29/109 | E34: Dark Arbok | F34: GrassDarkness | G34: - | H34: - | I34: Y
C35: Uncommon | D35: 30/109 | E35: Dark Ariados | F35: GrassDarkness | G35: - | H35: - | I35: Y
C36: Uncommon | D36: 31/109 | E36: Dark Dragonair | F36: Darkness | G36: - | H36: - | I36: Y
C37: Uncommon | D37: 32/109 | E37: Dark Dragonair | F37: Darkness | G37: - | H37: -
C38: Uncommon | D38: 33/109 | E38: Dark Flaaffy | F38: LightningDarkness | G38: - | H38: - | I38: Y
C39: Uncommon | D39: 34/109 | E39: Dark Golbat | F39: GrassDarkness | G39: - | H39: - | I39: Y
C40: Uncommon | D40: 35/109 | E40: Dark Golduck | F40: WaterDarkness | G40: - | H40: - | I40: Y
C41: Uncommon | D41: 36/109 | E41: Dark Gyarados | F41: WaterDarkness | G41: - | H41: -
C42: Uncommon | D42: 37/109 | E42: Dark Houndoom | F42: FireDarkness | G42: - | H42: - | I42: Y
C43: Uncommon | D43: 38/109 | E43: Dark Magcargo | F43: FireDarkness | G43: - | H43: - | I43: Y
C44: Uncommon | D44: 39/109 | E44: Dark Magneton | F44: LightningDarkness | G44: - | H44: - | I44: Y
C45: Uncommon | D45: 40/109 | E45: Dark Pupitar | F45: FightingDarkness | G45: - | H45: - | I45: Y
C46: Uncommon | D46: 41/109 | E46: Dark Pupitar | F46: FightingDarkness | G46: - | H46: - | I46: Y
C47: Uncommon | D47: 42/109 | E47: Dark Weezing | F47: GrassDarkness | G47: - | H47: - | I47: Y
C48: Uncommon | D48: 43/109 | E48: Heracross | F48: Fighting | G48: - | H48: -
C49: Uncommon | D49: 44/109 | E49: Magmar | F49: Fire | G49: - | H49: - | I49: Y
C50: Uncommon | D50: 45/109 | E50: Mantine | F50: Water | G50: - | H50: -
C51: Uncommon | D51: 46/109 | E51: Rocket's Meowth | F51: Darkness | G51: - | H51: - | I51: Y
C52: Uncommon | D52: 47/109 | E52: Rocket's Wobbuffet | F52: Darkness | G52: - | H52: - | I52: Y
C53: Uncommon | D53: 48/109 | E53: Seadra | F53: Water | G53: - | H53: - | I53: Y
C54: Uncommon | D54: 49/109 | E54: Skiploom | F54: Grass | G54: - | H54: - | I54: Y
C55: Uncommon | D55: 50/109 | E55: Togepi | F55: Colorless | G55: - | H55: -
C56: Common | D56: 51/109 | E56: Cubone | F56: Fighting | G56: - | H56: - | I56: Y
C57: Common | D57: 52/109 | E57: Dratini | F57: Colorless | G57: - | H57: - | I57: Y
C58: Common | D58: 53/109 | E58: Dratini | F58: Colorless | G58: - | H58: - | I58: Y
C59: Common | D59: 54/109 | E59: Drowzee | F59: Psychic | G59: - | H59: - | I59: Y
C60: Common | D60: 55/109 | E60: Ekans | F60: Grass | G60: - | H60: - | I60: Y
C61: Common | D61: 56/109 | E61: Grimer | F61: Grass | G61: - | H61: - | I61: Y
C62: Common | D62: 57/109 | E62: Hoppip | F62: Grass | G62: - | H62: - | I62: Y
C63: Common | D63: 58/109 | E63: Horsea | F63: Water | G63: - | H63: - | I63: Y
C64: Common | D64: 59/109 | E64: Houndour | F64: Fire | G64: - | H64: -
C65: Common | D65: 60/109 | E65: Houndour | F65: Fire | G65: - | H65: - | I65: Y
C66: Common | D66: 61/109 | E66: Koffing | F66: Grass | G66: - | H66: - | I66: Y
C67: Common | D67: 62/109 | E67: Larvitar | F67: Fighting | G67: - | H67: - | I67: Y
C68: Common | D68: 63/109 | E68: Larvitar | F68: Fighting | G68: - | H68: -
C69: Common | D69: 64/109 | E69: Ledyba | F69: Grass | G69: - | H69: - | I69: Y
C70: Common | D70: 65/109 | E70: Magikarp | F70: Water | G70: - | H70: - | I70: Y
C71: Common | D71: 66/109 | E71: Magnemite | F71: Lightning | G71: - | H71: - | I71: Y
C72: Common | D72: 67/109 | E72: Mareep | F72: Lightning | G72: - | H72: -
C73: Common | D73: 68/109 | E73: Marill | F73: Water | G73: - | H73: - | I73: Y
C74: Common | D74: 69/109 | E74: Onix | F74: Fighting | G74: - | H74: - | I74: Y
C75: Common | D75: 70/109 | E75: Psyduck | F75: Water | G75: - | H75: - | I75: Y
C76: Common | D76: 71/109 | E76: Rattata | F76: Colorless | G76: - | H76: - | I76: Y
C77: Common | D77: 72/109 | E77: Rattata | F77: Colorless | G77: - | H77: - | I77: Y
C78: Common | D78: 73/109 | E78: Remoraid | F78: Water | G78: - | H78: - | I78: Y
C79: Common | D79: 74/109 | E79: Sandshrew | F79: Fighting | G79: - | H79: - | I79: Y
C80: Common | D80: 75/109 | E80: Sentret | F80: Colorless | G80: - | H80: - | I80: Y
C81: Common | D81: 76/109 | E81: Slowpoke | F81: Psychic | G81: - | H81: -
C82: Common | D82: 77/109 | E82: Slugma | F82: Fire | G82: - | H82: - | I82: Y
C83: Common | D83: 78/109 | E83: Spinarak | F83: Grass | G83: - | H83: -
C84: Common | D84: 79/109 | E84: Swinub | F84: Fighting | G84: - | H84: - | I84: Y
C85: Common | D85: 80/109 | E85: Voltorb | F85: Lightning | G85: - | H85: -
C86: Common | D86: 81/109 | E86: Wooper | F86: Water | G86: - | H86: - | I86: Y
C87: Common | D87: 82/109 | E87: Zubat | F87: Grass | G87: - | H87: - | I87: Y
C88: Uncommon | D88: 83/109 | E88: Copycat | F88: T [Su] | G88: - | H88: -
C89: Uncommon | D89: 84/109 | E89: Pokémon Retriever | F89: T [R] | G89: - | H89: - | I89: Y
C90: Uncommon | D90: 85/109 | E90: Pow! Hand Extension | F90: T [R] | G90: - | H90: - | I90: Y
C91: Uncommon | D91: 86/109 | E91: Rocket's Admin. | F91: T [Su] | G91: - | H91: -
C92: Uncommon | D92: 87/109 | E92: Rocket's Hideout | F92: T [St] | G92: - | H92: - | I92: Y
C93: Uncommon | D93: 88/109 | E93: Rocket's Mission | F93: T [Su] | G93: - | H93: - | I93: Y
C94: Uncommon | D94: 89/109 | E94: Rocket's Poké Ball | F94: T | G94: - | H94: -
C95: Uncommon | D95: 90/109 | E95: Rocket's Tricky Gym | F95: T [St] | G95: - | H95: -
C96: Uncommon | D96: 91/109 | E96: Surprise! Time Machine | F96: T [R] | G96: - | H96: - | I96: Y
C97: Uncommon | D97: 92/109 | E97: Swoop! Teleporter | F97: T [R] | G97: - | H97: - | I97: Y
C98: Uncommon | D98: 93/109 | E98: Venture Bomb | F98: T [R] | G98: - | H98: -
C99: Uncommon | D99: 94/109 | E99: Dark Metal Energy | F99: Darkness E | G99: - | H99: - | I99: Y
C100: Uncommon | D100: 95/109 | E100: R Energy | F100: Darkness E | G100: - | H100: -
C101: Rare Holo ex | D101: 96/109 | E101: Rocket's Articuno ex | F101: Darkness | G101: - | H101: -
C102: Rare Holo ex | D102: 97/109 | E102: Rocket's Entei ex | F102: Darkness | G102: - | H102: -
...

Sheet EX_DEOXYS
B2: HOME | C2: Link | D2: https://bulbapedia.bulbagarden.net/wiki/EX_Deoxys_(TCG)
C3: Card set name | D3: EX Deoxys
C5: Rarity | D5: No. | E5: Card name | F5: Type | G5: Promotion | H5: Quantity | I5: yes/no | J5: Language | K5: 1st edition | L5: Stamped | M5: Reverse Holo | N5: Condition | O5: Estimated Value | P5: Notes
C6: Rare Holo | D6: 1/107 | E6: Altaria | F6: Colorless | G6: - | H6: -
B7: 1UW1H27001361 | C7: Rare Holo | D7: 2/107 | E7: Beautifly | F7: Grass | G7: - | H7: - | I7: Y
C8: Rare Holo | D8: 3/107 | E8: Breloom | F8: Fighting | G8: - | H8: -
C9: Rare Holo | D9: 4/107 | E9: Camerupt | F9: Fire | G9: - | H9: -
C10: Rare Holo | D10: 5/107 | E10: Claydol | F10: Fighting | G10: - | H10: -
C11: Rare Holo | D11: 6/107 | E11: Crawdaunt | F11: Darkness | G11: - | H11: - | I11: Y
C12: Rare Holo | D12: 7/107 | E12: Dusclops | F12: Psychic | G12: - | H12: -
C13: Rare Holo | D13: 8/107 | E13: Gyarados | F13: Water | G13: - | H13: - | I13: Y
C14: Rare Holo | D14: 9/107 | E14: Jirachi | F14: Metal | G14: - | H14: -
B15: 1UW1H27001361 | C15: Rare Holo | D15: 10/107 | E15: Ludicolo | F15: Water | G15: - | H15: - | I15: Y | L15: stamped
C16: Rare Holo | D16: 11/107 | E16: Metagross | F16: Psychic | G16: - | H16: -
B17: 1UW1H27001361 | C17: Rare Holo | D17: 12/107 | E17: Mightyena | F17: Darkness | G17: - | H17: - | I17: Y | L17: stamped
C18: Rare Holo | D18: 13/107 | E18: Ninjask | F18: Grass | G18: - | H18: -
C19: Rare Holo | D19: 14/107 | E19: Shedinja | F19: Psychic | G19: - | H19: - | I19: Y
C20: Rare Holo | D20: 15/107 | E20: Slaking | F20: Colorless | G20: - | H20: - | I20: Y
C21: Rare | D21: 16/107 | E21: Deoxys | F21: Psychic | G21: - | H21: - | I21: Y
C22: Rare | D22: 17/107 | E22: Deoxys | F22: Psychic | G22: - | H22: -
C23: Rare | D23: 18/107 | E23: Deoxys | F23: Psychic | G23: - | H23: - | I23: Y
C24: Rare | D24: 19/107 | E24: Ludicolo | F24: Water | G24: - | H24: - | I24: Y
C25: Rare | D25: 20/107 | E25: Magcargo | F25: Fire | G25: - | H25: - | I25: Y
C26: Rare | D26: 21/107 | E26: Pelipper | F26: Water | G26: - | H26: - | I26: Y
C27: Rare | D27: 22/107 | E27: Rayquaza | F27: Colorless | G27: - | H27: - | I27: Y
C28: Rare | D28: 23/107 | E28: Sableye | F28: Darkness | G28: - | H28: -
C29: Rare | D29: 24/107 | E29: Seaking | F29: Water | G29: - | H29: - | I29: Y
C30: Rare | D30: 25/107 | E30: Shiftry | F30: Grass | G30: - | H30: - | I30: Y
C31: Rare | D31: 26/107 | E31: Skarmory | F31: Metal | G31: - | H31: -
C32: Rare | D32: 27/107 | E32: Tropius | F32: Grass | G32: - | H32: - | I32: Y
C33: Rare | D33: 28/107 | E33: Whiscash | F33: Fighting | G33: - | H33: -
C34: Rare | D34: 29/107 | E34: Xatu | F34: Psychic | G34: - | H34: - | I34: Y
C35: Uncommon | D35: 30/107 | E35: Donphan | F35: Fighting | G35: - | H35: - | I35: Y
C36: Uncommon | D36: 31/107 | E36: Golbat | F36: Grass | G36: - | H36: - | I36: Y
C37: Uncommon | D37: 32/107 | E37: Grumpig | F37: Psychic | G37: - | H37: - | I37: Y
C38: Uncommon | D38: 33/107 | E38: Lombre | F38: Water | G38: - | H38: - | I38: Y
C39: Uncommon | D39: 34/107 | E39: Lombre | F39: Water | G39: - | H39: - | I39: Y
C40: Uncommon | D40: 35/107 | E40: Lotad | F40: Water | G40: - | H40: - | I40: Y
C41: Uncommon | D41: 36/107 | E41: Lunatone | F41: Fighting | G41: - | H41: - | I41: Y
C42: Uncommon | D42: 37/107 | E42: Magcargo | F42: Fire | G42: - | H42: - | I42: Y
C43: Uncommon | D43: 38/107 | E43: Manectric | F43: Lightning | G43: - | H43: - | I43: Y
C44: Uncommon | D44: 39/107 | E44: Masquerain | F44: Grass | G44: - | H44: - | I44: Y
C45: Uncommon | D45: 40/107 | E45: Metang | F45: Psychic | G45: - | H45: -
C46: Uncommon | D46: 41/107 | E46: Minun | F46: Lightning | G46: - | H46: - | I46: Y
C47: Uncommon | D47: 42/107 | E47: Nosepass | F47: Fighting | G47: - | H47: - | I47: Y
C48: Uncommon | D48: 43/107 | E48: Nuzleaf | F48: Grass | G48: - | H48: - | I48: Y
C49: Uncommon | D49: 44/107 | E49: Plusle | F49: Lightning | G49: - | H49: -
C50: Uncommon | D50: 45/107 | E50: Shelgon | F50: Colorless | G50: - | H50: - | I50: Y
C51: Uncommon | D51: 46/107 | E51: Silcoon | F51: Grass | G51: - | H51: - | I51: Y
C52: Uncommon | D52: 47/107 | E52: Solrock | F52: Psychic | G52: - | H52: - | I52: Y
C53: Uncommon | D53: 48/107 | E53: Starmie | F53: Water | G53: - | H53: - | I53: Y
C54: Uncommon | D54: 49/107 | E54: Swellow | F54: Colorless | G54: - | H54: - | I54: Y
C55: Uncommon | D55: 50/107 | E55: Vigoroth | F55: Colorless | G55: - | H55: -
C56: Uncommon | D56: 51/107 | E56: Weezing | F56: Grass | G56: - | H56: - | I56: Y
C57: Common | D57: 52/107 | E57: Bagon | F57: Colorless | G57: - | H57: - | I57: Y
B58: 1UW1H27001361 | C58: Common | D58: 53/107 | E58: Baltoy | F58: Fighting | G58: - | H58: - | I58: Y | L58: stamped
C59: Common | D59: 54/107 | E59: Barboach | F59: Water | G59: - | H59: - | I59: Y
C60: Common | D60: 55/107 | E60: Beldum | F60: Psychic | G60: - | H60: - | I60: Y
C61: Common | D61: 56/107 | E61: Carvanha | F61: Darkness | G61: - | H61: - | I61: Y
C62: Common | D62: 57/107 | E62: Corphish | F62: Water | G62: - | H62: - | I62: Y
C63: Common | D63: 58/107 | E63: Duskull | F63: Psychic | G63: - | H63: - | I63: Y
C64: Common | D64: 59/107 | E64: Electrike | F64: Lightning | G64: - | H64: - | I64: Y
C65: Common | D65: 60/107 | E65: Electrike | F65: Lightning | G65: - | H65: - | I65: Y
C66: Common | D66: 61/107 | E66: Goldeen | F66: Water | G66: - | H66: - | I66: Y
C67: Common | D67: 62/107 | E67: Koffing | F67: Grass | G67: - | H67: - | I67: Y
C68: Common | D68: 63/107 | E68: Lotad | F68: Water | G68: - | H68: - | I68: Y
C69: Common | D69: 64/107 | E69: Magikarp | F69: Water | G69: - | H69: -
C70: Common | D70: 65/107 | E70: Makuhita | F70: Fighting | G70: - | H70: - | I70: Y
C71: Common | D71: 66/107 | E71: Natu | F71: Psychic | G71: - | H71: - | I71: Y
C72: Common | D72: 67/107 | E72: Nincada | F72: Grass | G72: - | H72: - | I72: Y
C73: Common | D73: 68/107 | E73: Numel | F73: Fire | G73: - | H73: - | I73: Y
C74: Common | D74: 69/107 | E74: Phanpy | F74: Fighting | G74: - | H74: - | I74: Y
C75: Common | D75: 70/107 | E75: Poochyena | F75: Darkness | G75: - | H75: - | I75: Y
C76: Common | D76: 71/107 | E76: Seedot | F76: Grass | G76: - | H76: - | I76: Y
C77: Common | D77: 72/107 | E77: Shroomish | F77: Grass | G77: - | H77: - | I77: Y
C78: Common | D78: 73/107 | E78: Slakoth | F78: Colorless | G78: - | H78: -
C79: Common | D79: 74/107 | E79: Slugma | F79: Fire | G79: - | H79: - | I79: Y
C80: Common | D80: 75/107 | E80: Slugma | F80: Fire | G80: - | H80: - | I80: Y
C81: Common | D81: 76/107 | E81: Spoink | F81: Psychic | G81: - | H81: - | I81: Y
C82: Common | D82: 77/107 | E82: Staryu | F82: Water | G82: - | H82: - | I82: Y
C83: Common | D83: 78/107 | E83: Surskit | F83: Grass | G83: - | H83: - | I83: Y
C84: Common | D84: 79/107 | E84: Swablu | F84: Colorless | G84: - | H84: - | I84: Y
C85: Common | D85: 80/107 | E85: Taillow | F85: Colorless | G85: - | H85: - | I85: Y
C86: Common | D86: 81/107 | E86: Wingull | F86: Water | G86: - | H86: - | I86: Y
C87: Common | D87: 82/107 | E87: Wurmple | F87: Grass | G87: - | H87: - | I87: Y
C88: Common | D88: 83/107 | E88: Zubat | F88: Grass | G88: - | H88: - | I88: Y
C89: Uncommon | D89: 84/107 | E89: Balloon Berry | F89: T [PT] | G89: - | H89: -
B90: 1UW1H27001361 | C90: Uncommon | D90: 85/107 | E90: Crystal Shard | F90: T [PT] | G90: - | H90: - | I90: Y
C91: Uncommon | D91: 86/107 | E91: Energy Charge | F91: T | G91: - | H91: - | I91: Y
C92: Uncommon | D92: 87/107 | E92: Lady Outing | F92: T [Su] | G92: - | H92: -
C93: Uncommon | D93: 88/107 | E93: Master Ball | F93: T | G93: - | H93: - | I93: Y
C94: Uncommon | D94: 89/107 | E94: Meteor Falls | F94: T [St] | G94: - | H94: - | I94: Y
C95: Uncommon | D95: 90/107 | E95: Professor Cozmo's Discovery | F95: T [Su] | G95: - | H95: - | I95: Y
C96: Uncommon | D96: 91/107 | E96: Space Center | F96: T [St] | G96: - | H96: -
C97: Uncommon | D97: 92/107 | E97: Strength Charm | F97: T [PT] | G97: - | H97: - | I97: Y
C98: Uncommon | D98: 93/107 | E98: Boost Energy | F98: Colorless E | G98: - | H98: -
C99: Uncommon | D99: 94/107 | E99: Heal Energy | F99: Colorless E | G99: - | H99: -
B100: 1UW1H27001361 | C100: Uncommon | D100: 95/107 | E100: Scramble Energy | F100: Colorless E | G100: - | H100: - | I100: Y
